{
  "main": {
    "cs": {
      "identity": {
        "version": {
          "_cldrVersion": "24",
          "_number": "$Revision: 9298 $"
        },
        "generation": {
          "_date": "$Date: 2013-08-31 01:59:30 -0500 (Sat, 31 Aug 2013) $"
        },
        "language": "cs"
      },
      "contextTransforms": {
        "day-format-except-narrow": {
          "uiListOrMenu": "titlecase-firstword"
        },
        "day-standalone-except-narrow": {
          "uiListOrMenu": "titlecase-firstword"
        },
        "languages": {
          "stand-alone": "titlecase-firstword",
          "uiListOrMenu": "titlecase-firstword"
        },
        "month-format-except-narrow": {
          "uiListOrMenu": "titlecase-firstword"
        },
        "month-standalone-except-narrow": {
          "uiListOrMenu": "titlecase-firstword"
        }
      }
    }
  }
}
