{
  "main": {
    "cs": {
      "identity": {
        "version": {
          "_cldrVersion": "24",
          "_number": "$Revision: 9298 $"
        },
        "generation": {
          "_date": "$Date: 2013-08-31 01:59:30 -0500 (Sat, 31 Aug 2013) $"
        },
        "language": "cs"
      },
      "listPatterns": {
        "listPattern-type-standard": {
          "start": "{0}, {1}",
          "middle": "{0}, {1}",
          "end": "{0} a {1}",
          "2": "{0} a {1}"
        },
        "listPattern-type-unit": {
          "start": "{0}, {1}",
          "middle": "{0}, {1}",
          "end": "{0} a {1}",
          "2": "{0} a {1}"
        },
        "listPattern-type-unit-narrow": {
          "start": "{0} {1}",
          "middle": "{0} {1}",
          "end": "{0} {1}",
          "2": "{0} {1}"
        },
        "listPattern-type-unit-short": {
          "start": "{0}, {1}",
          "middle": "{0}, {1}",
          "end": "{0} a {1}",
          "2": "{0}, {1}"
        }
      }
    }
  }
}
