{
  "main": {
    "cs": {
      "identity": {
        "version": {
          "_cldrVersion": "24",
          "_number": "$Revision: 9298 $"
        },
        "generation": {
          "_date": "$Date: 2013-08-31 01:59:30 -0500 (Sat, 31 Aug 2013) $"
        },
        "language": "cs"
      },
      "localeDisplayNames": {
        "transformNames": {
          "BGN": "BGN",
          "Numeric": "Numerický",
          "Tone": "Tón",
          "UNGEGN": "UNGEGN",
          "x-Accents": "Přízvuky",
          "x-Fullwidth": "Plná šířka",
          "x-Halfwidth": "Poloviční šířka",
          "x-Jamo": "Jamo",
          "x-Pinyin": "Pchin-jin",
          "x-Publishing": "Publikování"
        }
      }
    }
  }
}
