{
  "main": {
    "cs": {
      "identity": {
        "version": {
          "_cldrVersion": "24",
          "_number": "$Revision: 9298 $"
        },
        "generation": {
          "_date": "$Date: 2013-08-31 01:59:30 -0500 (Sat, 31 Aug 2013) $"
        },
        "language": "cs"
      },
      "units": {
        "long": {
          "per": {
            "compoundUnitPattern": "{0}/{1}"
          },
          "acceleration-g-force": {
            "unitPattern-count-one": "{0} G",
            "unitPattern-count-few": "{0} G",
            "unitPattern-count-many": "{0} G",
            "unitPattern-count-other": "{0} G"
          },
          "angle-arc-minute": {
            "unitPattern-count-one": "{0} minuta",
            "unitPattern-count-few": "{0} minuty",
            "unitPattern-count-many": "{0} minuty",
            "unitPattern-count-other": "{0} minut"
          },
          "angle-arc-second": {
            "unitPattern-count-one": "{0} sekunda",
            "unitPattern-count-few": "{0} sekundy",
            "unitPattern-count-many": "{0} sekundy",
            "unitPattern-count-other": "{0} sekund"
          },
          "angle-degree": {
            "unitPattern-count-one": "{0} stupeň",
            "unitPattern-count-few": "{0} stupně",
            "unitPattern-count-many": "{0} stupně",
            "unitPattern-count-other": "{0} stupňů"
          },
          "area-acre": {
            "unitPattern-count-one": "{0} akr",
            "unitPattern-count-few": "{0} akry",
            "unitPattern-count-many": "{0} akru",
            "unitPattern-count-other": "{0} akrů"
          },
          "area-hectare": {
            "unitPattern-count-one": "{0} hektar",
            "unitPattern-count-few": "{0} hektary",
            "unitPattern-count-many": "{0} hektaru",
            "unitPattern-count-other": "{0} hektarů"
          },
          "area-square-foot": {
            "unitPattern-count-one": "{0} stopa čtvereční",
            "unitPattern-count-few": "{0} stopy čtvereční",
            "unitPattern-count-many": "{0} stopy čtvereční",
            "unitPattern-count-other": "{0} stop čtverečních"
          },
          "area-square-kilometer": {
            "unitPattern-count-one": "{0} kilometr čtvereční",
            "unitPattern-count-few": "{0} kilometry čtvereční",
            "unitPattern-count-many": "{0} kilometru čtverečního",
            "unitPattern-count-other": "{0} kilometrů čtverečních"
          },
          "area-square-meter": {
            "unitPattern-count-one": "{0} metr čtvereční",
            "unitPattern-count-few": "{0} metry čtvereční",
            "unitPattern-count-many": "{0} metru čtverečního",
            "unitPattern-count-other": "{0} metrů čtverečních"
          },
          "area-square-mile": {
            "unitPattern-count-one": "{0} míle čtvereční",
            "unitPattern-count-few": "{0} míle čtvereční",
            "unitPattern-count-many": "{0} míle čtvereční",
            "unitPattern-count-other": "{0} mil čtverečních"
          },
          "duration-day": {
            "unitPattern-count-one": "{0} den",
            "unitPattern-count-few": "{0} dny",
            "unitPattern-count-many": "{0} dne",
            "unitPattern-count-other": "{0} dní"
          },
          "duration-hour": {
            "unitPattern-count-one": "{0} hodina",
            "unitPattern-count-few": "{0} hodiny",
            "unitPattern-count-many": "{0} hodiny",
            "unitPattern-count-other": "{0} hodin"
          },
          "duration-millisecond": {
            "unitPattern-count-one": "{0} milisekunda",
            "unitPattern-count-few": "{0} milisekundy",
            "unitPattern-count-many": "{0} milisekundy",
            "unitPattern-count-other": "{0} milisekund"
          },
          "duration-minute": {
            "unitPattern-count-one": "{0} minuta",
            "unitPattern-count-few": "{0} minuty",
            "unitPattern-count-many": "{0} minuty",
            "unitPattern-count-other": "{0} minut"
          },
          "duration-month": {
            "unitPattern-count-one": "{0} měsíc",
            "unitPattern-count-few": "{0} měsíce",
            "unitPattern-count-many": "{0} měsíce",
            "unitPattern-count-other": "{0} měsíců"
          },
          "duration-second": {
            "unitPattern-count-one": "{0} sekunda",
            "unitPattern-count-few": "{0} sekundy",
            "unitPattern-count-many": "{0} sekundy",
            "unitPattern-count-other": "{0} sekund"
          },
          "duration-week": {
            "unitPattern-count-one": "{0} týden",
            "unitPattern-count-few": "{0} týdny",
            "unitPattern-count-many": "{0} týdne",
            "unitPattern-count-other": "{0} týdnů"
          },
          "duration-year": {
            "unitPattern-count-one": "{0} rok",
            "unitPattern-count-few": "{0} roky",
            "unitPattern-count-many": "{0} roku",
            "unitPattern-count-other": "{0} let"
          },
          "length-centimeter": {
            "unitPattern-count-one": "{0} centimetr",
            "unitPattern-count-few": "{0} centimetry",
            "unitPattern-count-many": "{0} centimetru",
            "unitPattern-count-other": "{0} centimetrů"
          },
          "length-foot": {
            "unitPattern-count-one": "{0} stopa",
            "unitPattern-count-few": "{0} stopy",
            "unitPattern-count-many": "{0} stopy",
            "unitPattern-count-other": "{0} stop"
          },
          "length-inch": {
            "unitPattern-count-one": "{0} palec",
            "unitPattern-count-few": "{0} palce",
            "unitPattern-count-many": "{0} palce",
            "unitPattern-count-other": "{0} palců"
          },
          "length-kilometer": {
            "unitPattern-count-one": "{0} kilometr",
            "unitPattern-count-few": "{0} kilometry",
            "unitPattern-count-many": "{0} kilometru",
            "unitPattern-count-other": "{0} kilometrů"
          },
          "length-light-year": {
            "unitPattern-count-one": "{0} světelný rok",
            "unitPattern-count-few": "{0} světelné roky",
            "unitPattern-count-many": "{0} světelného roku",
            "unitPattern-count-other": "{0} světelných let"
          },
          "length-meter": {
            "unitPattern-count-one": "{0} metr",
            "unitPattern-count-few": "{0} metry",
            "unitPattern-count-many": "{0} metru",
            "unitPattern-count-other": "{0} metrů"
          },
          "length-mile": {
            "unitPattern-count-one": "{0} míle",
            "unitPattern-count-few": "{0} míle",
            "unitPattern-count-many": "{0} míle",
            "unitPattern-count-other": "{0} mil"
          },
          "length-millimeter": {
            "unitPattern-count-one": "{0} milimetr",
            "unitPattern-count-few": "{0} milimetry",
            "unitPattern-count-many": "{0} milimetru",
            "unitPattern-count-other": "{0} milimetrů"
          },
          "length-picometer": {
            "unitPattern-count-one": "{0} pikometr",
            "unitPattern-count-few": "{0} pikometry",
            "unitPattern-count-many": "{0} pikometru",
            "unitPattern-count-other": "{0} pikometrů"
          },
          "length-yard": {
            "unitPattern-count-one": "{0} yard",
            "unitPattern-count-few": "{0} yardy",
            "unitPattern-count-many": "{0} yardu",
            "unitPattern-count-other": "{0} yardů"
          },
          "mass-gram": {
            "unitPattern-count-one": "{0} gram",
            "unitPattern-count-few": "{0} gramy",
            "unitPattern-count-many": "{0} gramu",
            "unitPattern-count-other": "{0} gramů"
          },
          "mass-kilogram": {
            "unitPattern-count-one": "{0} kilogram",
            "unitPattern-count-few": "{0} kilogramy",
            "unitPattern-count-many": "{0} kilogramu",
            "unitPattern-count-other": "{0} kilogramů"
          },
          "mass-ounce": {
            "unitPattern-count-one": "{0} unce",
            "unitPattern-count-few": "{0} unce",
            "unitPattern-count-many": "{0} unce",
            "unitPattern-count-other": "{0} uncí"
          },
          "mass-pound": {
            "unitPattern-count-one": "{0} libra",
            "unitPattern-count-few": "{0} libry",
            "unitPattern-count-many": "{0} libry",
            "unitPattern-count-other": "{0} liber"
          },
          "power-horsepower": {
            "unitPattern-count-one": "{0} koňská síla",
            "unitPattern-count-few": "{0} koňské síly",
            "unitPattern-count-many": "{0} koňské síly",
            "unitPattern-count-other": "{0} koňských sil"
          },
          "power-kilowatt": {
            "unitPattern-count-one": "{0} kilowatt",
            "unitPattern-count-few": "{0} kilowatty",
            "unitPattern-count-many": "{0} kilowattu",
            "unitPattern-count-other": "{0} kilowattů"
          },
          "power-watt": {
            "unitPattern-count-one": "{0} watt",
            "unitPattern-count-few": "{0} watty",
            "unitPattern-count-many": "{0} wattu",
            "unitPattern-count-other": "{0} wattů"
          },
          "pressure-hectopascal": {
            "unitPattern-count-one": "{0} hektopascal",
            "unitPattern-count-few": "{0} hektopascaly",
            "unitPattern-count-many": "{0} hektopascalu",
            "unitPattern-count-other": "{0} hektopascalů"
          },
          "pressure-inch-hg": {
            "unitPattern-count-one": "{0} palec rtuti",
            "unitPattern-count-few": "{0} palce rtuti",
            "unitPattern-count-many": "{0} palce rtuti",
            "unitPattern-count-other": "{0} palců rtuti"
          },
          "pressure-millibar": {
            "unitPattern-count-one": "{0} milibar",
            "unitPattern-count-few": "{0} milibary",
            "unitPattern-count-many": "{0} milibaru",
            "unitPattern-count-other": "{0} milibarů"
          },
          "speed-kilometer-per-hour": {
            "unitPattern-count-one": "{0} kilometr za hodinu",
            "unitPattern-count-few": "{0} kilometry za hodinu",
            "unitPattern-count-many": "{0} kilometru za hodinu",
            "unitPattern-count-other": "{0} kilometrů za hodinu"
          },
          "speed-meter-per-second": {
            "unitPattern-count-one": "{0} metr za sekundu",
            "unitPattern-count-few": "{0} metry za sekundu",
            "unitPattern-count-many": "{0} metru za sekundu",
            "unitPattern-count-other": "{0} metrů za sekundu"
          },
          "speed-mile-per-hour": {
            "unitPattern-count-one": "{0} míle za hodinu",
            "unitPattern-count-few": "{0} míle za hodinu",
            "unitPattern-count-many": "{0} míle za hodinu",
            "unitPattern-count-other": "{0} mil za hodinu"
          },
          "temperature-celsius": {
            "unitPattern-count-one": "{0} stupeň Celsia",
            "unitPattern-count-few": "{0} stupně Celsia",
            "unitPattern-count-many": "{0} stupně Celsia",
            "unitPattern-count-other": "{0} stupňů Celsia"
          },
          "temperature-fahrenheit": {
            "unitPattern-count-one": "{0} stupeň Fahrenheita",
            "unitPattern-count-few": "{0} stupně Fahrenheita",
            "unitPattern-count-many": "{0} stupně Fahrenheita",
            "unitPattern-count-other": "{0} stupňů Fahrenheita"
          },
          "volume-cubic-kilometer": {
            "unitPattern-count-one": "{0} kilometr krychlový",
            "unitPattern-count-few": "{0} kilometry krychlové",
            "unitPattern-count-many": "{0} kilometru krychlového",
            "unitPattern-count-other": "{0} kilometrů krychlových"
          },
          "volume-cubic-mile": {
            "unitPattern-count-one": "{0} míle krychlová",
            "unitPattern-count-few": "{0} míle krychlové",
            "unitPattern-count-many": "{0} míle krychlové",
            "unitPattern-count-other": "{0} mil krychlových"
          },
          "volume-liter": {
            "unitPattern-count-one": "{0} litr",
            "unitPattern-count-few": "{0} litry",
            "unitPattern-count-many": "{0} litru",
            "unitPattern-count-other": "{0} litrů"
          }
        },
        "short": {
          "per": {
            "compoundUnitPattern": "{0}/{1}"
          },
          "acceleration-g-force": {
            "unitPattern-count-one": "{0} G",
            "unitPattern-count-few": "{0} G",
            "unitPattern-count-many": "{0} G",
            "unitPattern-count-other": "{0} G"
          },
          "angle-arc-minute": {
            "unitPattern-count-one": "{0}′",
            "unitPattern-count-few": "{0}′",
            "unitPattern-count-many": "{0}′",
            "unitPattern-count-other": "{0}′"
          },
          "angle-arc-second": {
            "unitPattern-count-one": "{0}″",
            "unitPattern-count-few": "{0}″",
            "unitPattern-count-many": "{0}″",
            "unitPattern-count-other": "{0}″"
          },
          "angle-degree": {
            "unitPattern-count-one": "{0}°",
            "unitPattern-count-few": "{0}°",
            "unitPattern-count-many": "{0}°",
            "unitPattern-count-other": "{0}°"
          },
          "area-acre": {
            "unitPattern-count-one": "{0} ac",
            "unitPattern-count-few": "{0} ac",
            "unitPattern-count-many": "{0} ac",
            "unitPattern-count-other": "{0} ac"
          },
          "area-hectare": {
            "unitPattern-count-one": "{0} ha",
            "unitPattern-count-few": "{0} ha",
            "unitPattern-count-many": "{0} ha",
            "unitPattern-count-other": "{0} ha"
          },
          "area-square-foot": {
            "unitPattern-count-one": "{0} ft²",
            "unitPattern-count-few": "{0} ft²",
            "unitPattern-count-many": "{0} ft²",
            "unitPattern-count-other": "{0} ft²"
          },
          "area-square-kilometer": {
            "unitPattern-count-one": "{0} km²",
            "unitPattern-count-few": "{0} km²",
            "unitPattern-count-many": "{0} km²",
            "unitPattern-count-other": "{0} km²"
          },
          "area-square-meter": {
            "unitPattern-count-one": "{0} m²",
            "unitPattern-count-few": "{0} m²",
            "unitPattern-count-many": "{0} m²",
            "unitPattern-count-other": "{0} m²"
          },
          "area-square-mile": {
            "unitPattern-count-one": "{0} mi²",
            "unitPattern-count-few": "{0} mi²",
            "unitPattern-count-many": "{0} mi²",
            "unitPattern-count-other": "{0} mi²"
          },
          "duration-day": {
            "unitPattern-count-one": "{0} den",
            "unitPattern-count-few": "{0} dny",
            "unitPattern-count-many": "{0} dne",
            "unitPattern-count-other": "{0} dní"
          },
          "duration-hour": {
            "unitPattern-count-one": "{0} h",
            "unitPattern-count-few": "{0} h",
            "unitPattern-count-many": "{0} h",
            "unitPattern-count-other": "{0} h"
          },
          "duration-millisecond": {
            "unitPattern-count-one": "{0} ms",
            "unitPattern-count-few": "{0} ms",
            "unitPattern-count-many": "{0} ms",
            "unitPattern-count-other": "{0} ms"
          },
          "duration-minute": {
            "unitPattern-count-one": "{0} min",
            "unitPattern-count-few": "{0} min",
            "unitPattern-count-many": "{0} min",
            "unitPattern-count-other": "{0} min"
          },
          "duration-month": {
            "unitPattern-count-one": "{0} měs.",
            "unitPattern-count-few": "{0} měs.",
            "unitPattern-count-many": "{0} měs.",
            "unitPattern-count-other": "{0} měs."
          },
          "duration-second": {
            "unitPattern-count-one": "{0} s",
            "unitPattern-count-few": "{0} s",
            "unitPattern-count-many": "{0} s",
            "unitPattern-count-other": "{0} s"
          },
          "duration-week": {
            "unitPattern-count-one": "{0} týd.",
            "unitPattern-count-few": "{0} týd.",
            "unitPattern-count-many": "{0} týd.",
            "unitPattern-count-other": "{0} týd."
          },
          "duration-year": {
            "unitPattern-count-one": "{0} rok",
            "unitPattern-count-few": "{0} roky",
            "unitPattern-count-many": "{0} roku",
            "unitPattern-count-other": "{0} let"
          },
          "length-centimeter": {
            "unitPattern-count-one": "{0} cm",
            "unitPattern-count-few": "{0} cm",
            "unitPattern-count-many": "{0} cm",
            "unitPattern-count-other": "{0} cm"
          },
          "length-foot": {
            "unitPattern-count-one": "{0} ft",
            "unitPattern-count-few": "{0} ft",
            "unitPattern-count-many": "{0} ft",
            "unitPattern-count-other": "{0} ft"
          },
          "length-inch": {
            "unitPattern-count-one": "{0} in",
            "unitPattern-count-few": "{0} in",
            "unitPattern-count-many": "{0} in",
            "unitPattern-count-other": "{0} in"
          },
          "length-kilometer": {
            "unitPattern-count-one": "{0} km",
            "unitPattern-count-few": "{0} km",
            "unitPattern-count-many": "{0} km",
            "unitPattern-count-other": "{0} km"
          },
          "length-light-year": {
            "unitPattern-count-one": "{0} ly",
            "unitPattern-count-few": "{0} ly",
            "unitPattern-count-many": "{0} ly",
            "unitPattern-count-other": "{0} ly"
          },
          "length-meter": {
            "unitPattern-count-one": "{0} m",
            "unitPattern-count-few": "{0} m",
            "unitPattern-count-many": "{0} m",
            "unitPattern-count-other": "{0} m"
          },
          "length-mile": {
            "unitPattern-count-one": "{0} mi",
            "unitPattern-count-few": "{0} mi",
            "unitPattern-count-many": "{0} mi",
            "unitPattern-count-other": "{0} mi"
          },
          "length-millimeter": {
            "unitPattern-count-one": "{0} mm",
            "unitPattern-count-few": "{0} mm",
            "unitPattern-count-many": "{0} mm",
            "unitPattern-count-other": "{0} mm"
          },
          "length-picometer": {
            "unitPattern-count-one": "{0} pm",
            "unitPattern-count-few": "{0} pm",
            "unitPattern-count-many": "{0} pm",
            "unitPattern-count-other": "{0} pm"
          },
          "length-yard": {
            "unitPattern-count-one": "{0} yd",
            "unitPattern-count-few": "{0} yd",
            "unitPattern-count-many": "{0} yd",
            "unitPattern-count-other": "{0} yd"
          },
          "mass-gram": {
            "unitPattern-count-one": "{0} g",
            "unitPattern-count-few": "{0} g",
            "unitPattern-count-many": "{0} g",
            "unitPattern-count-other": "{0} g"
          },
          "mass-kilogram": {
            "unitPattern-count-one": "{0} kg",
            "unitPattern-count-few": "{0} kg",
            "unitPattern-count-many": "{0} kg",
            "unitPattern-count-other": "{0} kg"
          },
          "mass-ounce": {
            "unitPattern-count-one": "{0} oz",
            "unitPattern-count-few": "{0} oz",
            "unitPattern-count-many": "{0} oz",
            "unitPattern-count-other": "{0} oz"
          },
          "mass-pound": {
            "unitPattern-count-one": "{0} lb",
            "unitPattern-count-few": "{0} lb",
            "unitPattern-count-many": "{0} lb",
            "unitPattern-count-other": "{0} lb"
          },
          "power-horsepower": {
            "unitPattern-count-one": "{0} hp",
            "unitPattern-count-few": "{0} hp",
            "unitPattern-count-many": "{0} hp",
            "unitPattern-count-other": "{0} hp"
          },
          "power-kilowatt": {
            "unitPattern-count-one": "{0} kW",
            "unitPattern-count-few": "{0} kW",
            "unitPattern-count-many": "{0} kW",
            "unitPattern-count-other": "{0} kW"
          },
          "power-watt": {
            "unitPattern-count-one": "{0} W",
            "unitPattern-count-few": "{0} W",
            "unitPattern-count-many": "{0} W",
            "unitPattern-count-other": "{0} W"
          },
          "pressure-hectopascal": {
            "unitPattern-count-one": "{0} hPa",
            "unitPattern-count-few": "{0} hPa",
            "unitPattern-count-many": "{0} hPa",
            "unitPattern-count-other": "{0} hPa"
          },
          "pressure-inch-hg": {
            "unitPattern-count-one": "{0} inHg",
            "unitPattern-count-few": "{0} inHg",
            "unitPattern-count-many": "{0} inHg",
            "unitPattern-count-other": "{0} inHg"
          },
          "pressure-millibar": {
            "unitPattern-count-one": "{0} mb",
            "unitPattern-count-few": "{0} mb",
            "unitPattern-count-many": "{0} mb",
            "unitPattern-count-other": "{0} mb"
          },
          "speed-kilometer-per-hour": {
            "unitPattern-count-one": "{0} km/h",
            "unitPattern-count-few": "{0} km/h",
            "unitPattern-count-many": "{0} km/h",
            "unitPattern-count-other": "{0} km/h"
          },
          "speed-meter-per-second": {
            "unitPattern-count-one": "{0} m/s",
            "unitPattern-count-few": "{0} m/s",
            "unitPattern-count-many": "{0} m/s",
            "unitPattern-count-other": "{0} m/s"
          },
          "speed-mile-per-hour": {
            "unitPattern-count-one": "{0} mi/h",
            "unitPattern-count-few": "{0} mi/h",
            "unitPattern-count-many": "{0} mi/h",
            "unitPattern-count-other": "{0} mi/h"
          },
          "temperature-celsius": {
            "unitPattern-count-one": "{0} °C",
            "unitPattern-count-few": "{0} °C",
            "unitPattern-count-many": "{0} °C",
            "unitPattern-count-other": "{0} °C"
          },
          "temperature-fahrenheit": {
            "unitPattern-count-one": "{0} °F",
            "unitPattern-count-few": "{0} °F",
            "unitPattern-count-many": "{0} °F",
            "unitPattern-count-other": "{0} °F"
          },
          "volume-cubic-kilometer": {
            "unitPattern-count-one": "{0} km³",
            "unitPattern-count-few": "{0} km³",
            "unitPattern-count-many": "{0} km³",
            "unitPattern-count-other": "{0} km³"
          },
          "volume-cubic-mile": {
            "unitPattern-count-one": "{0} mi³",
            "unitPattern-count-few": "{0} mi³",
            "unitPattern-count-many": "{0} mi³",
            "unitPattern-count-other": "{0} mi³"
          },
          "volume-liter": {
            "unitPattern-count-one": "{0} l",
            "unitPattern-count-few": "{0} l",
            "unitPattern-count-many": "{0} l",
            "unitPattern-count-other": "{0} l"
          }
        },
        "narrow": {
          "per": {
            "compoundUnitPattern": "{0}/{1}"
          },
          "acceleration-g-force": {
            "unitPattern-count-one": "{0} G",
            "unitPattern-count-few": "{0} G",
            "unitPattern-count-many": "{0} G",
            "unitPattern-count-other": "{0} G"
          },
          "angle-arc-minute": {
            "unitPattern-count-one": "{0}′",
            "unitPattern-count-few": "{0}′",
            "unitPattern-count-many": "{0}′",
            "unitPattern-count-other": "{0}′"
          },
          "angle-arc-second": {
            "unitPattern-count-one": "{0}″",
            "unitPattern-count-few": "{0}″",
            "unitPattern-count-many": "{0}″",
            "unitPattern-count-other": "{0}″"
          },
          "angle-degree": {
            "unitPattern-count-one": "{0}°",
            "unitPattern-count-few": "{0}°",
            "unitPattern-count-many": "{0}°",
            "unitPattern-count-other": "{0}°"
          },
          "area-acre": {
            "unitPattern-count-one": "{0} ac",
            "unitPattern-count-few": "{0} ac",
            "unitPattern-count-many": "{0} ac",
            "unitPattern-count-other": "{0} ac"
          },
          "area-hectare": {
            "unitPattern-count-one": "{0} ha",
            "unitPattern-count-few": "{0} ha",
            "unitPattern-count-many": "{0} ha",
            "unitPattern-count-other": "{0} ha"
          },
          "area-square-foot": {
            "unitPattern-count-one": "{0} ft²",
            "unitPattern-count-few": "{0} ft²",
            "unitPattern-count-many": "{0} ft²",
            "unitPattern-count-other": "{0} ft²"
          },
          "area-square-kilometer": {
            "unitPattern-count-one": "{0} km²",
            "unitPattern-count-few": "{0} km²",
            "unitPattern-count-many": "{0} km²",
            "unitPattern-count-other": "{0} km²"
          },
          "area-square-meter": {
            "unitPattern-count-one": "{0} m²",
            "unitPattern-count-few": "{0} m²",
            "unitPattern-count-many": "{0} m²",
            "unitPattern-count-other": "{0} m²"
          },
          "area-square-mile": {
            "unitPattern-count-one": "{0} mi²",
            "unitPattern-count-few": "{0} mi²",
            "unitPattern-count-many": "{0} mi²",
            "unitPattern-count-other": "{0} mi²"
          },
          "duration-day": {
            "unitPattern-count-one": "{0} d",
            "unitPattern-count-few": "{0} d",
            "unitPattern-count-many": "{0} d",
            "unitPattern-count-other": "{0} d"
          },
          "duration-hour": {
            "unitPattern-count-one": "{0} h",
            "unitPattern-count-few": "{0} h",
            "unitPattern-count-many": "{0} h",
            "unitPattern-count-other": "{0} h"
          },
          "duration-millisecond": {
            "unitPattern-count-one": "{0} ms",
            "unitPattern-count-few": "{0} ms",
            "unitPattern-count-many": "{0} ms",
            "unitPattern-count-other": "{0} ms"
          },
          "duration-minute": {
            "unitPattern-count-one": "{0} min",
            "unitPattern-count-few": "{0} min",
            "unitPattern-count-many": "{0} min",
            "unitPattern-count-other": "{0} min"
          },
          "duration-month": {
            "unitPattern-count-one": "{0} měs.",
            "unitPattern-count-few": "{0} měs.",
            "unitPattern-count-many": "{0} měs.",
            "unitPattern-count-other": "{0} měs."
          },
          "duration-second": {
            "unitPattern-count-one": "{0} s",
            "unitPattern-count-few": "{0} s",
            "unitPattern-count-many": "{0} s",
            "unitPattern-count-other": "{0} s"
          },
          "duration-week": {
            "unitPattern-count-one": "{0} týd.",
            "unitPattern-count-few": "{0} týd.",
            "unitPattern-count-many": "{0} týd.",
            "unitPattern-count-other": "{0} týd."
          },
          "duration-year": {
            "unitPattern-count-one": "{0} r",
            "unitPattern-count-few": "{0} r",
            "unitPattern-count-many": "{0} r",
            "unitPattern-count-other": "{0} r"
          },
          "length-centimeter": {
            "unitPattern-count-one": "{0} cm",
            "unitPattern-count-few": "{0} cm",
            "unitPattern-count-many": "{0} cm",
            "unitPattern-count-other": "{0} cm"
          },
          "length-foot": {
            "unitPattern-count-one": "{0}′",
            "unitPattern-count-few": "{0}′",
            "unitPattern-count-many": "{0}′",
            "unitPattern-count-other": "{0}′"
          },
          "length-inch": {
            "unitPattern-count-one": "{0}″",
            "unitPattern-count-few": "{0}″",
            "unitPattern-count-many": "{0}″",
            "unitPattern-count-other": "{0}″"
          },
          "length-kilometer": {
            "unitPattern-count-one": "{0} km",
            "unitPattern-count-few": "{0} km",
            "unitPattern-count-many": "{0} km",
            "unitPattern-count-other": "{0} km"
          },
          "length-light-year": {
            "unitPattern-count-one": "{0} ly",
            "unitPattern-count-few": "{0} ly",
            "unitPattern-count-many": "{0} ly",
            "unitPattern-count-other": "{0} ly"
          },
          "length-meter": {
            "unitPattern-count-one": "{0} m",
            "unitPattern-count-few": "{0} m",
            "unitPattern-count-many": "{0} m",
            "unitPattern-count-other": "{0} m"
          },
          "length-mile": {
            "unitPattern-count-one": "{0} mi",
            "unitPattern-count-few": "{0} mi",
            "unitPattern-count-many": "{0} mi",
            "unitPattern-count-other": "{0} mi"
          },
          "length-millimeter": {
            "unitPattern-count-one": "{0} mm",
            "unitPattern-count-few": "{0} mm",
            "unitPattern-count-many": "{0} mm",
            "unitPattern-count-other": "{0} mm"
          },
          "length-picometer": {
            "unitPattern-count-one": "{0} pm",
            "unitPattern-count-few": "{0} pm",
            "unitPattern-count-many": "{0} pm",
            "unitPattern-count-other": "{0} pm"
          },
          "length-yard": {
            "unitPattern-count-one": "{0} yd",
            "unitPattern-count-few": "{0} yd",
            "unitPattern-count-many": "{0} yd",
            "unitPattern-count-other": "{0} yd"
          },
          "mass-gram": {
            "unitPattern-count-one": "{0} g",
            "unitPattern-count-few": "{0} g",
            "unitPattern-count-many": "{0} g",
            "unitPattern-count-other": "{0} g"
          },
          "mass-kilogram": {
            "unitPattern-count-one": "{0} kg",
            "unitPattern-count-few": "{0} kg",
            "unitPattern-count-many": "{0} kg",
            "unitPattern-count-other": "{0} kg"
          },
          "mass-ounce": {
            "unitPattern-count-one": "{0} oz",
            "unitPattern-count-few": "{0} oz",
            "unitPattern-count-many": "{0} oz",
            "unitPattern-count-other": "{0} oz"
          },
          "mass-pound": {
            "unitPattern-count-one": "{0} lb",
            "unitPattern-count-few": "{0} lb",
            "unitPattern-count-many": "{0} lb",
            "unitPattern-count-other": "{0} lb"
          },
          "power-horsepower": {
            "unitPattern-count-one": "{0} hp",
            "unitPattern-count-few": "{0} hp",
            "unitPattern-count-many": "{0} hp",
            "unitPattern-count-other": "{0} hp"
          },
          "power-kilowatt": {
            "unitPattern-count-one": "{0} kW",
            "unitPattern-count-few": "{0} kW",
            "unitPattern-count-many": "{0} kW",
            "unitPattern-count-other": "{0} kW"
          },
          "power-watt": {
            "unitPattern-count-one": "{0} W",
            "unitPattern-count-few": "{0} W",
            "unitPattern-count-many": "{0} W",
            "unitPattern-count-other": "{0} W"
          },
          "pressure-hectopascal": {
            "unitPattern-count-one": "{0} hPa",
            "unitPattern-count-few": "{0} hPa",
            "unitPattern-count-many": "{0} hPa",
            "unitPattern-count-other": "{0} hPa"
          },
          "pressure-inch-hg": {
            "unitPattern-count-one": "{0} \"Hg",
            "unitPattern-count-few": "{0} \"Hg",
            "unitPattern-count-many": "{0} inHg",
            "unitPattern-count-other": "{0} \"Hg"
          },
          "pressure-millibar": {
            "unitPattern-count-one": "{0} mb",
            "unitPattern-count-few": "{0} mb",
            "unitPattern-count-many": "{0} mb",
            "unitPattern-count-other": "{0} mb"
          },
          "speed-kilometer-per-hour": {
            "unitPattern-count-one": "{0} km/h",
            "unitPattern-count-few": "{0} km/h",
            "unitPattern-count-many": "{0} km/h",
            "unitPattern-count-other": "{0} km/h"
          },
          "speed-meter-per-second": {
            "unitPattern-count-one": "{0} m/s",
            "unitPattern-count-few": "{0} m/s",
            "unitPattern-count-many": "{0} m/s",
            "unitPattern-count-other": "{0} m/s"
          },
          "speed-mile-per-hour": {
            "unitPattern-count-one": "{0} mi/h",
            "unitPattern-count-few": "{0} mi/h",
            "unitPattern-count-many": "{0} mi/h",
            "unitPattern-count-other": "{0} mi/h"
          },
          "temperature-celsius": {
            "unitPattern-count-one": "{0} °",
            "unitPattern-count-few": "{0} °",
            "unitPattern-count-many": "{0} °",
            "unitPattern-count-other": "{0} °"
          },
          "temperature-fahrenheit": {
            "unitPattern-count-one": "{0} °F",
            "unitPattern-count-few": "{0} °F",
            "unitPattern-count-many": "{0} °F",
            "unitPattern-count-other": "{0} °F"
          },
          "volume-cubic-kilometer": {
            "unitPattern-count-one": "{0} km³",
            "unitPattern-count-few": "{0} km³",
            "unitPattern-count-many": "{0} km³",
            "unitPattern-count-other": "{0} km³"
          },
          "volume-cubic-mile": {
            "unitPattern-count-one": "{0} mi³",
            "unitPattern-count-few": "{0} mi³",
            "unitPattern-count-many": "{0} mi³",
            "unitPattern-count-other": "{0} mi³"
          },
          "volume-liter": {
            "unitPattern-count-one": "{0} l",
            "unitPattern-count-few": "{0} l",
            "unitPattern-count-many": "{0} l",
            "unitPattern-count-other": "{0} l"
          }
        },
        "durationUnit-type-hm": {
          "durationUnitPattern": "h:mm"
        },
        "durationUnit-type-hms": {
          "durationUnitPattern": "h:mm:ss"
        },
        "durationUnit-type-ms": {
          "durationUnitPattern": "m:ss"
        }
      }
    }
  }
}
