{
  "main": {
    "af-NA": {
      "identity": {
        "version": {
          "_cldrVersion": "37"
        },
        "language": "af",
        "territory": "NA"
      },
      "dates": {
        "calendars": {
          "generic": {
            "months": {
              "format": {
                "abbreviated": {
                  "1": "M01",
                  "2": "M02",
                  "3": "M03",
                  "4": "M04",
                  "5": "M05",
                  "6": "M06",
                  "7": "M07",
                  "8": "M08",
                  "9": "M09",
                  "10": "M10",
                  "11": "M11",
                  "12": "M12"
                },
                "narrow": {
                  "1": "1",
                  "2": "2",
                  "3": "3",
                  "4": "4",
                  "5": "5",
                  "6": "6",
                  "7": "7",
                  "8": "8",
                  "9": "9",
                  "10": "10",
                  "11": "11",
                  "12": "12"
                },
                "wide": {
                  "1": "M01",
                  "2": "M02",
                  "3": "M03",
                  "4": "M04",
                  "5": "M05",
                  "6": "M06",
                  "7": "M07",
                  "8": "M08",
                  "9": "M09",
                  "10": "M10",
                  "11": "M11",
                  "12": "M12"
                }
              },
              "stand-alone": {
                "abbreviated": {
                  "1": "M01",
                  "2": "M02",
                  "3": "M03",
                  "4": "M04",
                  "5": "M05",
                  "6": "M06",
                  "7": "M07",
                  "8": "M08",
                  "9": "M09",
                  "10": "M10",
                  "11": "M11",
                  "12": "M12"
                },
                "narrow": {
                  "1": "1",
                  "2": "2",
                  "3": "3",
                  "4": "4",
                  "5": "5",
                  "6": "6",
                  "7": "7",
                  "8": "8",
                  "9": "9",
                  "10": "10",
                  "11": "11",
                  "12": "12"
                },
                "wide": {
                  "1": "M01",
                  "2": "M02",
                  "3": "M03",
                  "4": "M04",
                  "5": "M05",
                  "6": "M06",
                  "7": "M07",
                  "8": "M08",
                  "9": "M09",
                  "10": "M10",
                  "11": "M11",
                  "12": "M12"
                }
              }
            },
            "days": {
              "format": {
                "abbreviated": {
                  "sun": "So.",
                  "mon": "Ma.",
                  "tue": "Di.",
                  "wed": "Wo.",
                  "thu": "Do.",
                  "fri": "Vr.",
                  "sat": "Sa."
                },
                "narrow": {
                  "sun": "S",
                  "mon": "M",
                  "tue": "D",
                  "wed": "W",
                  "thu": "D",
                  "fri": "V",
                  "sat": "S"
                },
                "short": {
                  "sun": "So.",
                  "mon": "Ma.",
                  "tue": "Di.",
                  "wed": "Wo.",
                  "thu": "Do.",
                  "fri": "Vr.",
                  "sat": "Sa."
                },
                "wide": {
                  "sun": "Sondag",
                  "mon": "Maandag",
                  "tue": "Dinsdag",
                  "wed": "Woensdag",
                  "thu": "Donderdag",
                  "fri": "Vrydag",
                  "sat": "Saterdag"
                }
              },
              "stand-alone": {
                "abbreviated": {
                  "sun": "So.",
                  "mon": "Ma.",
                  "tue": "Di.",
                  "wed": "Wo.",
                  "thu": "Do.",
                  "fri": "Vr.",
                  "sat": "Sa."
                },
                "narrow": {
                  "sun": "S",
                  "mon": "M",
                  "tue": "D",
                  "wed": "W",
                  "thu": "D",
                  "fri": "V",
                  "sat": "S"
                },
                "short": {
                  "sun": "So.",
                  "mon": "Ma.",
                  "tue": "Di.",
                  "wed": "Wo.",
                  "thu": "Do.",
                  "fri": "Vr.",
                  "sat": "Sa."
                },
                "wide": {
                  "sun": "Sondag",
                  "mon": "Maandag",
                  "tue": "Dinsdag",
                  "wed": "Woensdag",
                  "thu": "Donderdag",
                  "fri": "Vrydag",
                  "sat": "Saterdag"
                }
              }
            },
            "quarters": {
              "format": {
                "abbreviated": {
                  "1": "K1",
                  "2": "K2",
                  "3": "K3",
                  "4": "K4"
                },
                "narrow": {
                  "1": "1",
                  "2": "2",
                  "3": "3",
                  "4": "4"
                },
                "wide": {
                  "1": "1ste kwartaal",
                  "2": "2de kwartaal",
                  "3": "3de kwartaal",
                  "4": "4de kwartaal"
                }
              },
              "stand-alone": {
                "abbreviated": {
                  "1": "K1",
                  "2": "K2",
                  "3": "K3",
                  "4": "K4"
                },
                "narrow": {
                  "1": "1",
                  "2": "2",
                  "3": "3",
                  "4": "4"
                },
                "wide": {
                  "1": "1ste kwartaal",
                  "2": "2de kwartaal",
                  "3": "3de kwartaal",
                  "4": "4de kwartaal"
                }
              }
            },
            "dayPeriods": {
              "format": {
                "abbreviated": {
                  "midnight": "middernag",
                  "am": "vm.",
                  "pm": "nm.",
                  "morning1": "die oggend",
                  "afternoon1": "die middag",
                  "evening1": "die aand",
                  "night1": "die nag"
                },
                "narrow": {
                  "midnight": "mn",
                  "am": "v",
                  "pm": "n",
                  "morning1": "o",
                  "afternoon1": "m",
                  "evening1": "a",
                  "night1": "n"
                },
                "wide": {
                  "midnight": "middernag",
                  "am": "vm.",
                  "pm": "nm.",
                  "morning1": "die oggend",
                  "afternoon1": "die middag",
                  "evening1": "die aand",
                  "night1": "die nag"
                }
              },
              "stand-alone": {
                "abbreviated": {
                  "midnight": "middernag",
                  "am": "vm.",
                  "pm": "nm.",
                  "morning1": "oggend",
                  "afternoon1": "middag",
                  "evening1": "aand",
                  "night1": "nag"
                },
                "narrow": {
                  "midnight": "mn",
                  "am": "v",
                  "pm": "n",
                  "morning1": "o",
                  "afternoon1": "m",
                  "evening1": "a",
                  "night1": "n"
                },
                "wide": {
                  "midnight": "middernag",
                  "am": "vm.",
                  "pm": "nm.",
                  "morning1": "oggend",
                  "afternoon1": "middag",
                  "evening1": "aand",
                  "night1": "nag"
                }
              }
            },
            "eras": {
              "eraNames": {
                "0": "ERA0",
                "1": "ERA1"
              },
              "eraAbbr": {
                "0": "ERA0",
                "1": "ERA1"
              },
              "eraNarrow": {
                "0": "ERA0",
                "1": "ERA1"
              }
            },
            "dateFormats": {
              "full": "EEEE dd MMMM y G",
              "long": "dd MMMM y G",
              "medium": "dd MMM y G",
              "short": "y-MM-dd GGGGG"
            },
            "timeFormats": {
              "full": "h:mm:ss a zzzz",
              "long": "h:mm:ss a z",
              "medium": "h:mm:ss a",
              "short": "h:mm a"
            },
            "dateTimeFormats": {
              "full": "{1} 'om' {0}",
              "long": "{1} 'om' {0}",
              "medium": "{1} {0}",
              "short": "{1} {0}",
              "availableFormats": {
                "Bh": "h B",
                "Bhm": "hh:mm B",
                "Bhms": "hh:mm:ss B",
                "d": "d",
                "E": "ccc",
                "EBhm": "E hh:mm B",
                "EBhms": "E hh:mm:ss B",
                "Ed": "E d",
                "Ehm": "E hh:mm a",
                "EHm": "E HH:mm",
                "Ehms": "E hh:mm:ss a",
                "EHms": "E HH:mm:ss",
                "Gy": "y G",
                "GyMMM": "MMM y G",
                "GyMMMd": "d MMM y G",
                "GyMMMEd": "E d MMM y G",
                "h": "h a",
                "H": "HH",
                "hm": "hh:mm a",
                "Hm": "HH:mm",
                "hms": "hh:mm:ss a",
                "Hms": "HH:mm:ss",
                "M": "L",
                "Md": "d/M",
                "MEd": "E M/d",
                "MMM": "LLL",
                "MMMd": "d MMM",
                "MMMEd": "E d MMM",
                "MMMMd": "d MMMM",
                "MMMMEd": "E d MMMM",
                "ms": "mm:ss",
                "y": "y G",
                "yyyy": "y G",
                "yyyyM": "M/y GGGGG",
                "yyyyMd": "d/M/y GGGGG",
                "yyyyMEd": "E d/M/y G",
                "yyyyMMM": "MMM y G",
                "yyyyMMMd": "d MMM y G",
                "yyyyMMMEd": "E d MMM y G",
                "yyyyMMMM": "MMMM y G",
                "yyyyQQQ": "QQQ y G",
                "yyyyQQQQ": "QQQQ y G"
              },
              "appendItems": {
                "Day": "{0} ({2}: {1})",
                "Day-Of-Week": "{0} {1}",
                "Era": "{1} {0}",
                "Hour": "{0} ({2}: {1})",
                "Minute": "{0} ({2}: {1})",
                "Month": "{0} ({2}: {1})",
                "Quarter": "{0} ({2}: {1})",
                "Second": "{0} ({2}: {1})",
                "Timezone": "{0} {1}",
                "Week": "{0} ({2}: {1})",
                "Year": "{1} {0}"
              },
              "intervalFormats": {
                "intervalFormatFallback": "{0} – {1}",
                "Bh": {
                  "B": "h B – h B",
                  "h": "h–h B"
                },
                "Bhm": {
                  "B": "h:mm B – h:mm B",
                  "h": "h:mm–h:mm B",
                  "m": "h:mm–h:mm B"
                },
                "d": {
                  "d": "d – d"
                },
                "Gy": {
                  "G": "y G – y G",
                  "y": "y–y G"
                },
                "GyM": {
                  "G": "y-M GGGGG – y-M GGGGG",
                  "M": "y-M – y-M GGGGG",
                  "y": "y-M – y-M GGGGG"
                },
                "GyMd": {
                  "d": "d-M-y – d-M-y GGGGG",
                  "G": "d-M-y GGGGG – d-M-y GGGGG",
                  "M": "d-M-y – d-M-y GGGGG",
                  "y": "d-M-y – d-M-y GGGGG"
                },
                "GyMEd": {
                  "d": "E d-M-y – E d-M-y GGGGG",
                  "G": "E d-M-y GGGGG – E d-M-y GGGGG",
                  "M": "E d-M-y – E d-M-y GGGGG",
                  "y": "E d-M-y – E d-M-y GGGGG"
                },
                "GyMMM": {
                  "G": "MMM y G – MMM y G",
                  "M": "MMM – MMM y G",
                  "y": "MMM y – MMM y G"
                },
                "GyMMMd": {
                  "d": "d–d MMM y G",
                  "G": "d MMM y G – d MMM y G",
                  "M": "d MMM – d MMM y G",
                  "y": "d MMM y – d MMM y G"
                },
                "GyMMMEd": {
                  "d": "E d MMM – E d MMM y G",
                  "G": "E d MMM y G – E d MMM y G",
                  "M": "E d MMM – E d MMM y G",
                  "y": "E d MMM y – E d MMM y G"
                },
                "h": {
                  "a": "h a – h a",
                  "h": "h–h a"
                },
                "H": {
                  "H": "HH–HH"
                },
                "hm": {
                  "a": "h:mm a – h:mm a",
                  "h": "h:mm–h:mm a",
                  "m": "h:mm–h:mm a"
                },
                "Hm": {
                  "H": "HH:mm–HH:mm",
                  "m": "HH:mm–HH:mm"
                },
                "hmv": {
                  "a": "h:mm a – h:mm a v",
                  "h": "h:mm–h:mm a v",
                  "m": "h:mm–h:mm a v"
                },
                "Hmv": {
                  "H": "HH:mm–HH:mm v",
                  "m": "HH:mm–HH:mm v"
                },
                "hv": {
                  "a": "h a – h a v",
                  "h": "h–h a v"
                },
                "Hv": {
                  "H": "HH–HH v"
                },
                "M": {
                  "M": "M – M"
                },
                "Md": {
                  "d": "d/M – d/M",
                  "M": "d/M – d/M"
                },
                "MEd": {
                  "d": "E d/M – E d/M",
                  "M": "E d/M – E d/M"
                },
                "MMM": {
                  "M": "MMM – MMM"
                },
                "MMMd": {
                  "d": "d – d MMM",
                  "M": "d MMM – d MMM"
                },
                "MMMEd": {
                  "d": "E d MMM – E d MMM",
                  "M": "E d MMM – E d MMM"
                },
                "y": {
                  "y": "y – y G"
                },
                "yM": {
                  "M": "M/y – M/y GGGGG",
                  "y": "M/y – M/y GGGGG"
                },
                "yMd": {
                  "d": "d/M/y – d/M/y GGGGG",
                  "M": "d/M/y – d/M/y GGGGG",
                  "y": "d/M/y – d/M/y GGGGG"
                },
                "yMEd": {
                  "d": "E d/M/y – E d/M/y GGGGG",
                  "M": "E d/M/y – E d/M/y GGGGG",
                  "y": "E d/M/y – E d/M/y GGGGG"
                },
                "yMMM": {
                  "M": "MMM–MMM y G",
                  "y": "MMM y – MMM y G"
                },
                "yMMMd": {
                  "d": "d–d MMM y G",
                  "M": "d MMM – d MMM y G",
                  "y": "d MMM y – d MMM y G"
                },
                "yMMMEd": {
                  "d": "E d MMM – E d MMM y G",
                  "M": "E d MMM – E d MMM y G",
                  "y": "E d MMM y – E d MMM y G"
                },
                "yMMMM": {
                  "M": "MMMM–MMMM y G",
                  "y": "MMMM y – MMMM y G"
                }
              }
            }
          }
        }
      }
    }
  }
}
