{
  "main": {
    "ar-DJ": {
      "identity": {
        "version": {
          "_cldrVersion": "39"
        },
        "language": "ar",
        "territory": "DJ"
      },
      "listPatterns": {
        "listPattern-type-standard": {
          "start": "{0} و{1}",
          "middle": "{0} و{1}",
          "end": "{0} و{1}",
          "2": "{0} و{1}"
        },
        "listPattern-type-or": {
          "start": "{0} أو {1}",
          "middle": "{0} أو {1}",
          "end": "{0} أو {1}",
          "2": "{0} أو {1}"
        },
        "listPattern-type-or-narrow": {
          "start": "{0} أو {1}",
          "middle": "{0} أو {1}",
          "end": "{0} أو {1}",
          "2": "{0} أو {1}"
        },
        "listPattern-type-or-short": {
          "start": "{0} أو {1}",
          "middle": "{0} أو {1}",
          "end": "{0} أو {1}",
          "2": "{0} أو {1}"
        },
        "listPattern-type-standard-narrow": {
          "start": "{0} و{1}",
          "middle": "{0} و{1}",
          "end": "{0} و{1}",
          "2": "{0} و{1}"
        },
        "listPattern-type-standard-short": {
          "start": "{0} و{1}",
          "middle": "{0} و{1}",
          "end": "{0} و{1}",
          "2": "{0} و{1}"
        },
        "listPattern-type-unit": {
          "start": "{0}، و{1}",
          "middle": "{0}، و{1}",
          "end": "{0}، و{1}",
          "2": "{0} و{1}"
        },
        "listPattern-type-unit-narrow": {
          "start": "{0} و{1}",
          "middle": "{0} و{1}",
          "end": "{0} و{1}",
          "2": "{0} و{1}"
        },
        "listPattern-type-unit-short": {
          "start": "{0}، و{1}",
          "middle": "{0}، و{1}",
          "end": "{0}، و{1}",
          "2": "{0} و{1}"
        }
      }
    }
  }
}
