{
  "main": {
    "ar": {
      "identity": {
        "version": {
          "_cldrVersion": "24",
          "_number": "$Revision: 9287 $"
        },
        "generation": {
          "_date": "$Date: 2013-08-28 21:32:04 -0500 (Wed, 28 Aug 2013) $"
        },
        "language": "ar"
      },
      "characters": {
        "exemplarCharacters": "[\u064B \u064C \u064D \u064E \u064F \u0650 \u0651 \u0652 \u0670 ء آ أ ؤ إ ئ ا ب ت ة ث ج ح خ د ذ ر ز س ش ص ض ط ظ ع غ ف ق ك ل م ن ه و ي ى]",
        "auxiliary": "[\u200C\u200D\u200E\u200F پ چ ژ ڜ ڢ ڤ ڥ ٯ ڧ ڨ ک گ ی]",
        "index": "[ا ب ت ث ج ح خ د ذ ر ز س ش ص ض ط ظ ع غ ف ق ك ل م ن ه و ي]",
        "punctuation": "[\\- ‐ – — ، ؛ \\: ! ؟ . ' \" ( ) \\[ \\]]",
        "ellipsis": {
          "final": "{0}…",
          "initial": "…{0}",
          "medial": "{0}…{1}",
          "word-final": "{0} …",
          "word-initial": "… {0}",
          "word-medial": "{0} … {1}"
        },
        "moreInformation": "؟"
      }
    }
  }
}
