{
  "main": {
    "ar": {
      "identity": {
        "version": {
          "_cldrVersion": "24",
          "_number": "$Revision: 9287 $"
        },
        "generation": {
          "_date": "$Date: 2013-08-28 21:32:04 -0500 (Wed, 28 Aug 2013) $"
        },
        "language": "ar"
      },
      "dates": {
        "fields": {
          "era": {
            "displayName": "العصر"
          },
          "year": {
            "displayName": "السنة",
            "relative-type--1": "السنة الماضية",
            "relative-type-0": "هذه السنة",
            "relative-type-1": "السنة التالية",
            "relativeTime-type-future": {
              "relativeTimePattern-count-zero": "خلال {0} من السنوات",
              "relativeTimePattern-count-one": "خلال {0} من السنوات",
              "relativeTimePattern-count-two": "خلال سنتين",
              "relativeTimePattern-count-few": "خلال {0} سنوات",
              "relativeTimePattern-count-many": "خلال {0} سنة",
              "relativeTimePattern-count-other": "خلال {0} من السنوات"
            },
            "relativeTime-type-past": {
              "relativeTimePattern-count-zero": "قبل {0} من السنوات",
              "relativeTimePattern-count-one": "قبل {0} من السنوات",
              "relativeTimePattern-count-two": "قبل سنتين",
              "relativeTimePattern-count-few": "قبل {0} سنوات",
              "relativeTimePattern-count-many": "قبل {0} سنة",
              "relativeTimePattern-count-other": "قبل {0} من السنوات"
            }
          },
          "month": {
            "displayName": "الشهر",
            "relative-type--1": "الشهر الماضي",
            "relative-type-0": "هذا الشهر",
            "relative-type-1": "الشهر التالي",
            "relativeTime-type-future": {
              "relativeTimePattern-count-zero": "خلال {0} من الشهور",
              "relativeTimePattern-count-one": "خلال {0} من الشهور",
              "relativeTimePattern-count-two": "خلال شهرين",
              "relativeTimePattern-count-few": "خلال {0} شهور",
              "relativeTimePattern-count-many": "خلال {0} شهرًا",
              "relativeTimePattern-count-other": "خلال {0} من الشهور"
            },
            "relativeTime-type-past": {
              "relativeTimePattern-count-zero": "قبل {0} من الشهور",
              "relativeTimePattern-count-one": "قبل {0} من الشهور",
              "relativeTimePattern-count-two": "قبل شهرين",
              "relativeTimePattern-count-few": "قبل {0} أشهر",
              "relativeTimePattern-count-many": "قبل {0} شهرًا",
              "relativeTimePattern-count-other": "قبل {0} من الشهور"
            }
          },
          "week": {
            "displayName": "الأسبوع",
            "relative-type--1": "الأسبوع الماضي",
            "relative-type-0": "هذا الأسبوع",
            "relative-type-1": "الأسبوع التالي",
            "relativeTime-type-future": {
              "relativeTimePattern-count-zero": "خلال {0} من الأسابيع",
              "relativeTimePattern-count-one": "خلال {0} من الأسابيع",
              "relativeTimePattern-count-two": "خلال أسبوعين",
              "relativeTimePattern-count-few": "خلال {0} أسابيع",
              "relativeTimePattern-count-many": "خلال {0} أسبوعًا",
              "relativeTimePattern-count-other": "خلال {0} من الأسابيع"
            },
            "relativeTime-type-past": {
              "relativeTimePattern-count-zero": "قبل {0} من الأسابيع",
              "relativeTimePattern-count-one": "قبل {0} من الأسابيع",
              "relativeTimePattern-count-two": "قبل أسبوعين",
              "relativeTimePattern-count-few": "قبل {0} أسابيع",
              "relativeTimePattern-count-many": "قبل {0} أسبوعًا",
              "relativeTimePattern-count-other": "قبل {0} من الأسابيع"
            }
          },
          "day": {
            "displayName": "يوم",
            "relative-type--2": "أول أمس",
            "relative-type--1": "أمس",
            "relative-type-0": "اليوم",
            "relative-type-1": "غدًا",
            "relative-type-2": "بعد الغد",
            "relativeTime-type-future": {
              "relativeTimePattern-count-zero": "خلال {0} من الأيام",
              "relativeTimePattern-count-one": "خلال {0} من الأيام",
              "relativeTimePattern-count-two": "خلال يومين",
              "relativeTimePattern-count-few": "خلال {0} أيام",
              "relativeTimePattern-count-many": "خلال {0} يومًا",
              "relativeTimePattern-count-other": "خلال {0} من الأيام"
            },
            "relativeTime-type-past": {
              "relativeTimePattern-count-zero": "قبل {0} من الأيام",
              "relativeTimePattern-count-one": "قبل {0} من الأيام",
              "relativeTimePattern-count-two": "قبل يومين",
              "relativeTimePattern-count-few": "قبل {0} أيام",
              "relativeTimePattern-count-many": "قبل {0} يومًا",
              "relativeTimePattern-count-other": "قبل {0} من الأيام"
            }
          },
          "weekday": {
            "displayName": "اليوم"
          },
          "sun": {
            "relative-type--1": "الأحد الماضي",
            "relative-type-0": "الأحد الحالي",
            "relative-type-1": "الأحد التالي"
          },
          "mon": {
            "relative-type--1": "الاثنين الماضي",
            "relative-type-0": "الاثنين الحالي",
            "relative-type-1": "الاثنين التالي"
          },
          "tue": {
            "relative-type--1": "الثلاثاء الماضي",
            "relative-type-0": "الثلاثاء الحالي",
            "relative-type-1": "الثلاثاء التالي"
          },
          "wed": {
            "relative-type--1": "الأربعاء الماضي",
            "relative-type-0": "الأربعاء الحالي",
            "relative-type-1": "الأربعاء التالي"
          },
          "thu": {
            "relative-type--1": "الخميس الماضي",
            "relative-type-0": "الخميس الحالي",
            "relative-type-1": "الخميس التالي"
          },
          "fri": {
            "relative-type--1": "الجمعة الماضية",
            "relative-type-0": "الجمعة الحالية",
            "relative-type-1": "الجمعة التالية"
          },
          "sat": {
            "relative-type--1": "السبت الماضي",
            "relative-type-0": "السبت الحالي",
            "relative-type-1": "السبت التالي"
          },
          "dayperiod": {
            "displayName": "ص/م"
          },
          "hour": {
            "displayName": "الساعات",
            "relativeTime-type-future": {
              "relativeTimePattern-count-zero": "خلال {0} من الساعات",
              "relativeTimePattern-count-one": "خلال {0} من الساعات",
              "relativeTimePattern-count-two": "خلال ساعتين",
              "relativeTimePattern-count-few": "خلال {0} ساعات",
              "relativeTimePattern-count-many": "خلال {0} ساعة",
              "relativeTimePattern-count-other": "خلال {0} من الساعات"
            },
            "relativeTime-type-past": {
              "relativeTimePattern-count-zero": "قبل {0} من الساعات",
              "relativeTimePattern-count-one": "قبل {0} من الساعات",
              "relativeTimePattern-count-two": "قبل ساعتين",
              "relativeTimePattern-count-few": "قبل {0} ساعات",
              "relativeTimePattern-count-many": "قبل {0} ساعة",
              "relativeTimePattern-count-other": "قبل {0} من الساعات"
            }
          },
          "minute": {
            "displayName": "الدقائق",
            "relativeTime-type-future": {
              "relativeTimePattern-count-zero": "خلال {0} من الدقائق",
              "relativeTimePattern-count-one": "خلال {0} من الدقائق",
              "relativeTimePattern-count-two": "خلال دقيقتين",
              "relativeTimePattern-count-few": "خلال {0} دقائق",
              "relativeTimePattern-count-many": "خلال {0} دقيقة",
              "relativeTimePattern-count-other": "خلال {0} من الدقائق"
            },
            "relativeTime-type-past": {
              "relativeTimePattern-count-zero": "قبل {0} من الدقائق",
              "relativeTimePattern-count-one": "قبل {0} من الدقائق",
              "relativeTimePattern-count-two": "قبل دقيقتين",
              "relativeTimePattern-count-few": "قبل {0} دقائق",
              "relativeTimePattern-count-many": "قبل {0} دقيقة",
              "relativeTimePattern-count-other": "قبل {0} من الدقائق"
            }
          },
          "second": {
            "displayName": "الثواني",
            "relative-type-0": "الآن",
            "relativeTime-type-future": {
              "relativeTimePattern-count-zero": "خلال {0} من الثواني",
              "relativeTimePattern-count-one": "خلال {0} من الثواني",
              "relativeTimePattern-count-two": "خلال ثانيتين",
              "relativeTimePattern-count-few": "خلال {0} ثوانِ",
              "relativeTimePattern-count-many": "خلال {0} ثانية",
              "relativeTimePattern-count-other": "خلال {0} من الثواني"
            },
            "relativeTime-type-past": {
              "relativeTimePattern-count-zero": "قبل {0} من الثواني",
              "relativeTimePattern-count-one": "قبل {0} من الثواني",
              "relativeTimePattern-count-two": "قبل ثانيتين",
              "relativeTimePattern-count-few": "قبل {0} ثوانِ",
              "relativeTimePattern-count-many": "قبل {0} ثانية",
              "relativeTimePattern-count-other": "قبل {0} من الثواني"
            }
          },
          "zone": {
            "displayName": "التوقيت"
          }
        }
      }
    }
  }
}
