{
  "main": {
    "ca": {
      "identity": {
        "version": {
          "_cldrVersion": "24",
          "_number": "$Revision: 9287 $"
        },
        "generation": {
          "_date": "$Date: 2013-08-28 21:32:04 -0500 (Wed, 28 Aug 2013) $"
        },
        "language": "ca"
      },
      "dates": {
        "calendars": {
          "islamic-umalqura": {
            "months": {
              "format": {
                "abbreviated": {
                  "1": "Muh.",
                  "2": "Saf.",
                  "3": "Rab. I",
                  "4": "Rab. II",
                  "5": "Jum. I",
                  "6": "Jum. II",
                  "7": "Raj.",
                  "8": "Sha.",
                  "9": "Ram.",
                  "10": "Shaw.",
                  "11": "Dhuʻl-Q.",
                  "12": "Dhuʻl-H."
                },
                "narrow": {
                  "1": "1",
                  "2": "2",
                  "3": "3",
                  "4": "4",
                  "5": "5",
                  "6": "6",
                  "7": "7",
                  "8": "8",
                  "9": "9",
                  "10": "10",
                  "11": "11",
                  "12": "12"
                },
                "wide": {
                  "1": "Muharram",
                  "2": "Safar",
                  "3": "Rabiʻ I",
                  "4": "Rabiʻ II",
                  "5": "Jumada I",
                  "6": "Jumada II",
                  "7": "Rajab",
                  "8": "Shaʻban",
                  "9": "Ramadan",
                  "10": "Shawwal",
                  "11": "Dhuʻl-Qiʻdah",
                  "12": "Dhuʻl-Hijjah"
                }
              },
              "stand-alone": {
                "abbreviated": {
                  "1": "Muh.",
                  "2": "Saf.",
                  "3": "Rab. I",
                  "4": "Rab. II",
                  "5": "Jum. I",
                  "6": "Jum. II",
                  "7": "Raj.",
                  "8": "Sha.",
                  "9": "Ram.",
                  "10": "Shaw.",
                  "11": "Dhuʻl-Q.",
                  "12": "Dhuʻl-H."
                },
                "narrow": {
                  "1": "1",
                  "2": "2",
                  "3": "3",
                  "4": "4",
                  "5": "5",
                  "6": "6",
                  "7": "7",
                  "8": "8",
                  "9": "9",
                  "10": "10",
                  "11": "11",
                  "12": "12"
                },
                "wide": {
                  "1": "Muharram",
                  "2": "Safar",
                  "3": "Rabiʻ I",
                  "4": "Rabiʻ II",
                  "5": "Jumada I",
                  "6": "Jumada II",
                  "7": "Rajab",
                  "8": "Shaʻban",
                  "9": "Ramadan",
                  "10": "Shawwal",
                  "11": "Dhuʻl-Qiʻdah",
                  "12": "Dhuʻl-Hijjah"
                }
              }
            },
            "days": {
              "format": {
                "abbreviated": {
                  "sun": "dg.",
                  "mon": "dl.",
                  "tue": "dt.",
                  "wed": "dc.",
                  "thu": "dj.",
                  "fri": "dv.",
                  "sat": "ds."
                },
                "narrow": {
                  "sun": "dg",
                  "mon": "dl",
                  "tue": "dt",
                  "wed": "dc",
                  "thu": "dj",
                  "fri": "dv",
                  "sat": "ds"
                },
                "short": {
                  "sun": "dg.",
                  "mon": "dl.",
                  "tue": "dt.",
                  "wed": "dc.",
                  "thu": "dj.",
                  "fri": "dv.",
                  "sat": "ds."
                },
                "wide": {
                  "sun": "diumenge",
                  "mon": "dilluns",
                  "tue": "dimarts",
                  "wed": "dimecres",
                  "thu": "dijous",
                  "fri": "divendres",
                  "sat": "dissabte"
                }
              },
              "stand-alone": {
                "abbreviated": {
                  "sun": "dg.",
                  "mon": "dl.",
                  "tue": "dt.",
                  "wed": "dc.",
                  "thu": "dj.",
                  "fri": "dv.",
                  "sat": "ds."
                },
                "narrow": {
                  "sun": "dg",
                  "mon": "dl",
                  "tue": "dt",
                  "wed": "dc",
                  "thu": "dj",
                  "fri": "dv",
                  "sat": "ds"
                },
                "short": {
                  "sun": "dg.",
                  "mon": "dl.",
                  "tue": "dm.",
                  "wed": "dc.",
                  "thu": "dj.",
                  "fri": "dv.",
                  "sat": "ds."
                },
                "wide": {
                  "sun": "diumenge",
                  "mon": "dilluns",
                  "tue": "dimarts",
                  "wed": "dimecres",
                  "thu": "dijous",
                  "fri": "divendres",
                  "sat": "dissabte"
                }
              }
            },
            "quarters": {
              "format": {
                "abbreviated": {
                  "1": "1T",
                  "2": "2T",
                  "3": "3T",
                  "4": "4T"
                },
                "narrow": {
                  "1": "1",
                  "2": "2",
                  "3": "3",
                  "4": "4"
                },
                "wide": {
                  "1": "1r trimestre",
                  "2": "2n trimestre",
                  "3": "3r trimestre",
                  "4": "4t trimestre"
                }
              },
              "stand-alone": {
                "abbreviated": {
                  "1": "1T",
                  "2": "2T",
                  "3": "3T",
                  "4": "4T"
                },
                "narrow": {
                  "1": "1",
                  "2": "2",
                  "3": "3",
                  "4": "4"
                },
                "wide": {
                  "1": "1r trimestre",
                  "2": "2n trimestre",
                  "3": "3r trimestre",
                  "4": "4t trimestre"
                }
              }
            },
            "dayPeriods": {
              "format": {
                "abbreviated": {
                  "am": "a. m.",
                  "pm": "p. m."
                },
                "narrow": {
                  "am": "a.m.",
                  "pm": "p.m."
                },
                "wide": {
                  "am": "a. m.",
                  "pm": "p. m."
                }
              },
              "stand-alone": {
                "abbreviated": {
                  "am": "a. m.",
                  "pm": "p. m."
                },
                "narrow": {
                  "am": "a.m.",
                  "pm": "p.m."
                },
                "wide": {
                  "am": "a. m.",
                  "pm": "p. m."
                }
              }
            },
            "eras": {
              "eraNames": {
                "0": "AH"
              },
              "eraAbbr": {
                "0": "AH"
              },
              "eraNarrow": {
                "0": "AH"
              }
            },
            "dateFormats": {
              "full": "EEEE d MMMM 'de' y G",
              "long": "d MMMM 'de' y G",
              "medium": "dd/MM/y G",
              "short": "dd/MM/yy GGGGG"
            },
            "timeFormats": {
              "full": "H.mm.ss zzzz",
              "long": "H.mm.ss z",
              "medium": "H.mm.ss",
              "short": "H.mm"
            },
            "dateTimeFormats": {
              "full": "{1}, {0}",
              "long": "{1}, {0}",
              "medium": "{1}, {0}",
              "short": "{1}, {0}",
              "availableFormats": {
                "d": "d",
                "Ed": "E d",
                "Ehm": "E h:mm a",
                "EHm": "E HH:mm",
                "Ehms": "E h:mm:ss a",
                "EHms": "E HH:mm:ss",
                "Gy": "y G",
                "GyMMM": "LLL y G",
                "GyMMMd": "d MMM y G",
                "GyMMMEd": "E, d MMM, y G",
                "GyMMMM": "LLLL 'de' y G",
                "h": "h a",
                "H": "H",
                "hm": "h.mm a",
                "Hm": "H.mm",
                "hms": "h.mm.ss a",
                "Hms": "H.mm.ss",
                "M": "L",
                "Md": "d/M",
                "MEd": "E d/M",
                "MMM": "LLL",
                "MMMd": "d MMM",
                "MMMEd": "E d MMM",
                "MMMMd": "d MMMM",
                "MMMMEd": "E d MMMM",
                "ms": "mm.ss",
                "y": "y G",
                "yyyy": "y G",
                "yyyyM": "M/y G",
                "yyyyMd": "d/M/y G",
                "yyyyMEd": "E, d.M.y G",
                "yyyyMMM": "LLL y G",
                "yyyyMMMd": "d MMM y G",
                "yyyyMMMEd": "E, d MMM, y G",
                "yyyyMMMM": "LLLL 'de' y G",
                "yyyyQQQ": "QQQ y G",
                "yyyyQQQQ": "QQQQ y G"
              },
              "appendItems": {
                "Day": "{0} ({2}: {1})",
                "Day-Of-Week": "{0} {1}",
                "Era": "{1} {0}",
                "Hour": "{0} ({2}: {1})",
                "Minute": "{0} ({2}: {1})",
                "Month": "{0} ({2}: {1})",
                "Quarter": "{0} ({2}: {1})",
                "Second": "{0} ({2}: {1})",
                "Timezone": "{0} {1}",
                "Week": "{0} ({2}: {1})",
                "Year": "{1} {0}"
              },
              "intervalFormats": {
                "intervalFormatFallback": "{0} - {1}",
                "d": {
                  "d": "d-d"
                },
                "h": {
                  "a": "h a - h a",
                  "h": "h-h a"
                },
                "H": {
                  "H": "H-H"
                },
                "hm": {
                  "a": "h.mm a -h.mm a",
                  "h": "h.mm-h.mm a",
                  "m": "h.mm-h.mm a"
                },
                "Hm": {
                  "H": "HH.mm-HH.mm",
                  "m": "HH.mm-HH.mm"
                },
                "hmv": {
                  "a": "h.mm a - h.mm a v",
                  "h": "h.mm-h.mm a v",
                  "m": "h.mm-h.mm a v"
                },
                "Hmv": {
                  "H": "HH.mm-HH.mm v",
                  "m": "HH.mm-HH.mm v"
                },
                "hv": {
                  "a": "h a - h a v",
                  "h": "h-h a v"
                },
                "Hv": {
                  "H": "H-H v"
                },
                "M": {
                  "M": "M-M"
                },
                "Md": {
                  "d": "dd/MM - dd/MM",
                  "M": "dd/MM - dd/MM"
                },
                "MEd": {
                  "d": "E dd/MM - E dd/MM",
                  "M": "E dd/MM - E dd/MM"
                },
                "MMM": {
                  "M": "MMM-MMM"
                },
                "MMMd": {
                  "d": "d-d MMM",
                  "M": "d MMM - d MMM"
                },
                "MMMEd": {
                  "d": "E d - E d MMM",
                  "M": "E d MMM - E d MMM"
                },
                "y": {
                  "y": "y-y G"
                },
                "yM": {
                  "M": "MM/y - MM/y GGGG",
                  "y": "MM/y - MM/y GGGG"
                },
                "yMd": {
                  "d": "dd/MM/y - dd/MM/y GGGG",
                  "M": "dd/MM/y - dd/MM/y GGGG",
                  "y": "dd/MM/y - dd/MM/y GGGG"
                },
                "yMEd": {
                  "d": "E dd/MM/y - E dd/MM/y GGGG",
                  "M": "E dd/MM/y - E dd/MM/y GGGG",
                  "y": "E dd/MM/y - E dd/MM/y GGGG"
                },
                "yMMM": {
                  "M": "MMM-MMM 'de' y G",
                  "y": "MMM 'de' y - MMM 'de' y G"
                },
                "yMMMd": {
                  "d": "d-d MMM 'de' y G",
                  "M": "d MMM - d MMM 'de' y G",
                  "y": "d MMM 'de' y - d MMM 'de' y G"
                },
                "yMMMEd": {
                  "d": "E d MMM - E d MMM 'de' y G",
                  "M": "E d MMM - E d MMM 'de' y G",
                  "y": "E d MMM 'de' y - E d MMM 'de' y G"
                },
                "yMMMM": {
                  "M": "MMMM-MMMM 'de' y G",
                  "y": "MMMM 'de' y - MMMM 'de' y G"
                }
              }
            }
          }
        }
      }
    }
  }
}
