{
  "main": {
    "ca": {
      "identity": {
        "version": {
          "_cldrVersion": "24",
          "_number": "$Revision: 9287 $"
        },
        "generation": {
          "_date": "$Date: 2013-08-28 21:32:04 -0500 (Wed, 28 Aug 2013) $"
        },
        "language": "ca"
      },
      "characters": {
        "exemplarCharacters": "[· a à b c ç d e é è f g h i í ï j k l m n o ó ò p q r s t u ú ü v w x y z]",
        "auxiliary": "[á ă â å ä ã ā æ ĕ ê ë ē ì ĭ î ī ŀ ñ º ŏ ô ö ø ō œ ù ŭ û ū ÿ]",
        "index": "[A B C D E F G H I J K L M N O P Q R S T U V W X Y Z]",
        "punctuation": "[\\- ‐ – — , ; \\: ! ¡ ? ¿ . … ' ‘ ’ \" “ ” « » ( ) \\[ \\] § @ * / \\\\ \\& # † ‡ ′ ″]",
        "ellipsis": {
          "final": "{0}…",
          "initial": "…{0}",
          "medial": "{0}…{1}",
          "word-final": "{0}…",
          "word-initial": "… {0}",
          "word-medial": "{0}… {1}"
        },
        "moreInformation": "?"
      }
    }
  }
}
