{
  "main": {
    "ca": {
      "identity": {
        "version": {
          "_cldrVersion": "24",
          "_number": "$Revision: 9287 $"
        },
        "generation": {
          "_date": "$Date: 2013-08-28 21:32:04 -0500 (Wed, 28 Aug 2013) $"
        },
        "language": "ca"
      },
      "localeDisplayNames": {
        "languages": {
          "aa": "àfar",
          "ab": "abkhaz",
          "ace": "atjeh",
          "ach": "acoli",
          "ada": "adangme",
          "ady": "adigué",
          "ae": "avèstic",
          "af": "afrikaans",
          "afa": "llengua afroasiàtica",
          "afh": "afrihili",
          "agq": "aghem",
          "ain": "ainu",
          "ak": "àkan",
          "akk": "accadi",
          "ale": "aleuta",
          "alg": "llengua algonquina",
          "alt": "altaic meridional",
          "am": "amhàric",
          "an": "aragonès",
          "ang": "anglès antic",
          "anp": "angika",
          "apa": "llengua apatxe",
          "ar": "àrab",
          "ar-001": "àrab estàndard modern",
          "arc": "arameu",
          "arn": "araucà",
          "arp": "arapaho",
          "art": "llengua artificial",
          "arw": "arauac",
          "as": "assamès",
          "asa": "pare",
          "ast": "asturià",
          "ath": "llengua atapascana",
          "aus": "llengua australiana",
          "av": "àvar",
          "awa": "awadhi",
          "ay": "aimara",
          "az": "azerbaidjanès",
          "az-alt-short": "àzeri",
          "ba": "baixkir",
          "bad": "banda",
          "bai": "bamileké",
          "bal": "balutxi",
          "ban": "balinès",
          "bas": "basa",
          "bat": "llengua bàltica",
          "bax": "bamun",
          "bbj": "ghomala",
          "be": "bielorús",
          "bej": "beja",
          "bem": "bemba",
          "ber": "berber",
          "bez": "bena",
          "bfd": "bafut",
          "bg": "búlgar",
          "bh": "bihari",
          "bho": "bhojpuri",
          "bi": "bislama",
          "bik": "bicol",
          "bin": "bini",
          "bkm": "kom",
          "bla": "blackfoot",
          "bm": "bambara",
          "bn": "bengalí",
          "bnt": "bantu",
          "bo": "tibetà",
          "br": "bretó",
          "bra": "braj",
          "brx": "bodo",
          "bs": "bosnià",
          "bss": "akoose",
          "btk": "batak",
          "bua": "buriat",
          "bug": "bugui",
          "bum": "seki",
          "byn": "bilin",
          "byv": "medumba",
          "ca": "català",
          "cad": "caddo",
          "cai": "llengua ameríndia d'Amèrica Central",
          "car": "carib",
          "cau": "llengua caucàsica",
          "cay": "cayuga",
          "cch": "atsam",
          "ce": "txetxè",
          "ceb": "cebuà",
          "cel": "llengua cèltica",
          "cgg": "chiga",
          "ch": "chamorro",
          "chb": "txibtxa",
          "chg": "txagatai",
          "chk": "chuuk",
          "chm": "mari",
          "chn": "pidgin chinook",
          "cho": "choctaw",
          "chp": "chipewyan",
          "chr": "cherokee",
          "chy": "xeienne",
          "ckb": "kurd sorani",
          "cmc": "txam",
          "co": "cors",
          "cop": "copte",
          "cpe": "llengua criolla o pidgin basada en l'anglès",
          "cpf": "llengua criolla o pidgin basada en el francès",
          "cpp": "llengua criolla o pidgin basada en el portuguès",
          "cr": "cree",
          "crh": "tàtar de Crimea",
          "crp": "llengua criolla o pidgin",
          "cs": "txec",
          "csb": "caixubi",
          "cu": "eslau eclesiàstic",
          "cus": "llengua cuixítica",
          "cv": "txuvaix",
          "cy": "gal·lès",
          "da": "danès",
          "dak": "dakota",
          "dar": "darguà",
          "dav": "taita",
          "day": "daiak",
          "de": "alemany",
          "de-AT": "alemany austríac",
          "de-CH": "alt alemany suís",
          "del": "delaware",
          "den": "slavey",
          "dgr": "dogrib",
          "din": "dinka",
          "dje": "zarma",
          "doi": "dogri",
          "dra": "llengua dravídica",
          "dsb": "baix sòrab",
          "dua": "duala",
          "dum": "neerlandès mitjà",
          "dv": "divehi",
          "dyo": "jola-fonyi",
          "dyu": "jula",
          "dz": "dzongka",
          "dzg": "dazaga",
          "ebu": "embu",
          "ee": "ewe",
          "efi": "efik",
          "egy": "egipci antic",
          "eka": "ekajuk",
          "el": "grec",
          "elx": "elamita",
          "en": "anglès",
          "en-AU": "anglès australià",
          "en-CA": "anglès canadenc",
          "en-GB": "anglès britànic",
          "en-GB-alt-short": "anglès (GB)",
          "en-US": "anglès americà",
          "en-US-alt-short": "anglès (EUA)",
          "enm": "anglès mitjà",
          "eo": "esperanto",
          "es": "espanyol",
          "es-419": "espanyol hispanoamericà",
          "es-ES": "espanyol europeu",
          "es-MX": "espanyol de Mèxic",
          "et": "estonià",
          "eu": "basc",
          "ewo": "ewondo",
          "fa": "persa",
          "fan": "fang",
          "fat": "fanti",
          "ff": "ful",
          "fi": "finès",
          "fil": "filipí",
          "fiu": "llengua finoúgrica",
          "fj": "fijià",
          "fo": "feroès",
          "fon": "fon",
          "fr": "francès",
          "fr-CA": "francès canadenc",
          "fr-CH": "francès suís",
          "frm": "francès mitjà",
          "fro": "francès antic",
          "frr": "frisó septentrional",
          "frs": "frisó occidental",
          "fur": "friülà",
          "fy": "frisó oriental",
          "ga": "irlandès",
          "gaa": "ga",
          "gay": "gayo",
          "gba": "gbaya",
          "gd": "gaèlic escocès",
          "gem": "llengua germànica",
          "gez": "gueez",
          "gil": "gilbertès",
          "gl": "gallec",
          "gmh": "alt alemany mitjà",
          "gn": "guaraní",
          "goh": "alt alemany antic",
          "gon": "gondi",
          "gor": "gorontalo",
          "got": "gòtic",
          "grb": "grebo",
          "grc": "grec antic",
          "gsw": "alemany suís",
          "gu": "gujarati",
          "guz": "gusí",
          "gv": "manx",
          "gwi": "gwichin",
          "ha": "haussa",
          "hai": "haida",
          "haw": "hawaià",
          "he": "hebreu",
          "hi": "hindi",
          "hil": "hiligainon",
          "him": "himachali",
          "hit": "hitita",
          "hmn": "hmong",
          "ho": "hiri motu",
          "hr": "croat",
          "hsb": "alt sòrab",
          "ht": "haitià",
          "hu": "hongarès",
          "hup": "hupa",
          "hy": "armeni",
          "hz": "herero",
          "ia": "interlingua",
          "iba": "iban",
          "ibb": "ibibio",
          "id": "indonesi",
          "ie": "interlingue",
          "ig": "igbo",
          "ii": "yi sichuan",
          "ijo": "ijo",
          "ik": "inupiak",
          "ilo": "ilocà",
          "inc": "llengua índica",
          "ine": "llengua indoeuropea",
          "inh": "ingúix",
          "io": "ido",
          "ira": "llengua irànica",
          "iro": "iroquès",
          "is": "islandès",
          "it": "italià",
          "iu": "inuktitut",
          "ja": "japonès",
          "jbo": "lojban",
          "jgo": "jgo",
          "jmc": "machame",
          "jpr": "judeopersa",
          "jrb": "judeoàrab",
          "jv": "javanès",
          "ka": "georgià",
          "kaa": "karakalpak",
          "kab": "cabilenc",
          "kac": "katxin",
          "kaj": "jju",
          "kam": "kamba",
          "kar": "karen",
          "kaw": "kawi",
          "kbd": "kabardí",
          "kbl": "kanembu",
          "kcg": "tyap",
          "kde": "makonde",
          "kea": "crioll capverdià",
          "kfo": "koro",
          "kg": "kongo",
          "kha": "khasi",
          "khi": "llengua khoisan",
          "kho": "khotanès",
          "khq": "koyra chiini",
          "ki": "kikuiu",
          "kj": "kuanyama",
          "kk": "kazakh",
          "kkj": "kako",
          "kl": "grenlandès",
          "kln": "kalenjin",
          "km": "khmer",
          "kmb": "kimbundu",
          "kn": "kannada",
          "ko": "coreà",
          "kok": "konkani",
          "kos": "kosraeà",
          "kpe": "kpelle",
          "kr": "kanuri",
          "krc": "karatxai",
          "krl": "carelià",
          "kro": "kru",
          "kru": "kurukh",
          "ks": "caixmiri",
          "ksb": "shambala",
          "ksf": "bafia",
          "ksh": "colognian",
          "ku": "kurd",
          "kum": "kúmik",
          "kut": "kutenai",
          "kv": "komi",
          "kw": "còrnic",
          "ky": "kirguís",
          "la": "llatí",
          "lad": "ladí",
          "lag": "langi",
          "lah": "panjabi occidental",
          "lam": "lamba",
          "lb": "luxemburguès",
          "lez": "lesguià",
          "lg": "ganda",
          "li": "limburguès",
          "lkt": "lkt",
          "ln": "lingala",
          "lo": "laosià",
          "lol": "mongo",
          "loz": "lozi",
          "lt": "lituà",
          "lu": "luba katanga",
          "lua": "luba-lulua",
          "lui": "luisenyo",
          "lun": "lunda",
          "luo": "luo",
          "lus": "mizo",
          "luy": "luyia",
          "lv": "letó",
          "mad": "madurès",
          "maf": "mafa",
          "mag": "magahi",
          "mai": "maithili",
          "mak": "makassar",
          "man": "mandinga",
          "map": "llengua austronèsia",
          "mas": "massai",
          "mde": "maba",
          "mdf": "mordovià moksa",
          "mdr": "mandar",
          "men": "mende",
          "mer": "meru",
          "mfe": "mauricià",
          "mg": "malgaix",
          "mga": "gaèlic irlandès mitjà",
          "mgh": "makhuwa-metto",
          "mgo": "mgo",
          "mh": "marshallès",
          "mi": "maori",
          "mic": "micmac",
          "min": "minangkabau",
          "mis": "llengua miscel·lània",
          "mk": "macedoni",
          "mkh": "llengua monkhmer",
          "ml": "malaiàlam",
          "mn": "mongol",
          "mnc": "manxú",
          "mni": "manipurí",
          "mno": "llengua manobo",
          "mo": "moldau",
          "moh": "mohawk",
          "mos": "moré",
          "mr": "marathi",
          "ms": "malai",
          "mt": "maltès",
          "mua": "mundang",
          "mul": "llengües vàries",
          "mun": "llengua munda",
          "mus": "creek",
          "mwl": "mirandès",
          "mwr": "marwari",
          "my": "birmà",
          "mye": "myene",
          "myn": "llengua maia",
          "myv": "mordovià erza",
          "na": "nauruà",
          "nah": "nàhuatl",
          "nai": "llengua ameríndia septentrional",
          "nap": "napolità",
          "naq": "nama",
          "nb": "noruec bokmål",
          "nd": "ndebele septentrional",
          "nds": "baix alemany",
          "ne": "nepalès",
          "new": "newari",
          "ng": "ndonga",
          "nia": "nias",
          "nic": "llengua nigerokurdufaniana",
          "niu": "niueà",
          "nl": "neerlandès",
          "nl-BE": "flamenc",
          "nmg": "bissio",
          "nn": "noruec nynorsk",
          "nnh": "ngiemboon",
          "no": "noruec",
          "nog": "nogai",
          "non": "nòrdic antic",
          "nqo": "n’Ko",
          "nr": "ndebele meridional",
          "nso": "sotho septentrional",
          "nub": "llengua nubiana",
          "nus": "nuer",
          "nv": "navaho",
          "nwc": "newari clàssic",
          "ny": "nyanja",
          "nym": "nyamwesi",
          "nyn": "nyankole",
          "nyo": "nyoro",
          "nzi": "nzema",
          "oc": "occità",
          "oj": "ojibwa",
          "om": "oromo",
          "or": "oriya",
          "os": "osset",
          "osa": "osage",
          "ota": "turc otomà",
          "oto": "llengua otomangueana",
          "pa": "panjabi",
          "paa": "llengua papú",
          "pag": "pangasi",
          "pal": "pahlavi",
          "pam": "pampangà",
          "pap": "papiamento",
          "pau": "palauà",
          "peo": "persa antic",
          "phi": "llengua filipina",
          "phn": "fenici",
          "pi": "pali",
          "pl": "polonès",
          "pon": "ponapeà",
          "pra": "pràcrit",
          "pro": "provençal antic",
          "ps": "paixtu",
          "ps-alt-variant": "pushtu",
          "pt": "portuguès",
          "pt-BR": "portuguès del Brasil",
          "pt-PT": "portuguès de Portugal",
          "qu": "quítxua",
          "raj": "rajasthani",
          "rap": "rapanui",
          "rar": "rarotongà",
          "rm": "retoromànic",
          "rn": "rundi",
          "ro": "romanès",
          "roa": "llengua romànica",
          "rof": "rombo",
          "rom": "romaní",
          "root": "arrel",
          "ru": "rus",
          "rup": "aromanès",
          "rw": "ruandès",
          "rwk": "rwo",
          "sa": "sànscrit",
          "sad": "sandawe",
          "sah": "iacut",
          "sai": "llengua ameríndia meridional",
          "sal": "llengua salish",
          "sam": "arameu samarità",
          "saq": "samburu",
          "sas": "sasak",
          "sat": "santali",
          "sba": "ngambay",
          "sbp": "sangu",
          "sc": "sard",
          "scn": "sicilià",
          "sco": "escocès",
          "sd": "sindhi",
          "se": "sami septentrional",
          "see": "seneca",
          "seh": "sena",
          "sel": "selkup",
          "sem": "llengua semítica",
          "ses": "koyraboro senni",
          "sg": "sango",
          "sga": "irlandès antic",
          "sgn": "llengua de signes",
          "sh": "serbocroat",
          "shi": "tachelhit",
          "shn": "xan",
          "shu": "àrab txadià",
          "si": "singalès",
          "sid": "sidamo",
          "sio": "llengua sioux",
          "sit": "llengua sinotibetana",
          "sk": "eslovac",
          "sl": "eslovè",
          "sla": "llengua eslava",
          "sm": "samoà",
          "sma": "sami meridional",
          "smi": "llengua sami",
          "smj": "sami lule",
          "smn": "sami d'Inari",
          "sms": "sami skolt",
          "sn": "shona",
          "snk": "soninke",
          "so": "somali",
          "sog": "sogdià",
          "son": "songhai",
          "sq": "albanès",
          "sr": "serbi",
          "srn": "sranan",
          "srr": "serer",
          "ss": "siswati",
          "ssa": "llengua nilosahariana",
          "ssy": "saho",
          "st": "sotho meridional",
          "su": "sundanès",
          "suk": "sukuma",
          "sus": "susú",
          "sux": "sumeri",
          "sv": "suec",
          "sw": "suahili",
          "swb": "comorià",
          "swc": "suahili del Congo",
          "syc": "siríac clàssic",
          "syr": "siríac",
          "ta": "tàmil",
          "tai": "llengua tai",
          "te": "telugu",
          "tem": "temne",
          "teo": "teso",
          "ter": "terena",
          "tet": "tetun",
          "tg": "tadjik",
          "th": "tailandès",
          "ti": "tigrinya",
          "tig": "tigre",
          "tiv": "tiv",
          "tk": "turcman",
          "tkl": "tokelauès",
          "tl": "tagàlog",
          "tlh": "klingonià",
          "tli": "tlingit",
          "tmh": "tamazight",
          "tn": "tswana",
          "to": "tongalès",
          "tog": "tonga",
          "tpi": "tok pisin",
          "tr": "turc",
          "trv": "taroko",
          "ts": "tsonga",
          "tsi": "tsimshià",
          "tt": "tàtar",
          "tum": "tumbuka",
          "tup": "llengua tupí",
          "tut": "llengua altaica",
          "tvl": "tuvaluà",
          "tw": "twi",
          "twq": "tasawaq",
          "ty": "tahitià",
          "tyv": "tuvinià",
          "tzm": "amazic del Marroc central",
          "udm": "udmurt",
          "ug": "uigur",
          "uga": "ugarític",
          "uk": "ucraïnès",
          "umb": "umbundu",
          "und": "idioma desconegut",
          "ur": "urdú",
          "uz": "uzbek",
          "vai": "vai",
          "ve": "venda",
          "vi": "vietnamita",
          "vo": "volapük",
          "vot": "vòtic",
          "vun": "vunjo",
          "wa": "való",
          "wae": "walser",
          "wak": "llengua wakash",
          "wal": "ameto",
          "war": "waray-waray",
          "was": "washo",
          "wen": "sòrab",
          "wo": "wòlof",
          "xal": "calmuc",
          "xh": "xosa",
          "xog": "soga",
          "yao": "yao",
          "yap": "yapeà",
          "yav": "yangben",
          "ybb": "yemba",
          "yi": "jiddisch",
          "yo": "ioruba",
          "ypk": "llengua iupik",
          "yue": "cantonès",
          "za": "zhuang",
          "zap": "zapoteca",
          "zbl": "símbols Bliss",
          "zen": "zenaga",
          "zgh": "amazic estàndard marroquí",
          "zh": "xinès",
          "zh-Hans": "xinès simplificat",
          "zh-Hant": "xinès tradicional",
          "znd": "zande",
          "zu": "zulu",
          "zun": "zuni",
          "zxx": "sense contingut lingüístic",
          "zza": "zaza"
        }
      }
    }
  }
}
