{
  "main": {
    "fi": {
      "identity": {
        "version": {
          "_cldrVersion": "24",
          "_number": "$Revision: 9287 $"
        },
        "generation": {
          "_date": "$Date: 2013-08-28 21:32:04 -0500 (Wed, 28 Aug 2013) $"
        },
        "language": "fi"
      },
      "dates": {
        "fields": {
          "era": {
            "displayName": "aikakausi"
          },
          "year": {
            "displayName": "vuosi",
            "relative-type--1": "viime vuonna",
            "relative-type-0": "tänä vuonna",
            "relative-type-1": "ensi vuonna",
            "relativeTime-type-future": {
              "relativeTimePattern-count-one": "{0} vuoden päästä",
              "relativeTimePattern-count-other": "{0} vuoden päästä"
            },
            "relativeTime-type-past": {
              "relativeTimePattern-count-one": "{0} vuosi sitten",
              "relativeTimePattern-count-other": "{0} vuotta sitten"
            }
          },
          "month": {
            "displayName": "kuukausi",
            "relative-type--1": "viime kuussa",
            "relative-type-0": "tässä kuussa",
            "relative-type-1": "ensi kuussa",
            "relativeTime-type-future": {
              "relativeTimePattern-count-one": "{0} kuukauden päästä",
              "relativeTimePattern-count-other": "{0} kuukauden päästä"
            },
            "relativeTime-type-past": {
              "relativeTimePattern-count-one": "{0} kuukausi sitten",
              "relativeTimePattern-count-other": "{0} kuukautta sitten"
            }
          },
          "week": {
            "displayName": "viikko",
            "relative-type--1": "viime viikolla",
            "relative-type-0": "tällä viikolla",
            "relative-type-1": "ensi viikolla",
            "relativeTime-type-future": {
              "relativeTimePattern-count-one": "{0} viikon päästä",
              "relativeTimePattern-count-other": "{0} viikon päästä"
            },
            "relativeTime-type-past": {
              "relativeTimePattern-count-one": "{0} viikko sitten",
              "relativeTimePattern-count-other": "{0} viikkoa sitten"
            }
          },
          "day": {
            "displayName": "päivä",
            "relative-type--2": "toissapäivänä",
            "relative-type--1": "eilen",
            "relative-type-0": "tänään",
            "relative-type-1": "huomenna",
            "relative-type-2": "ylihuomenna",
            "relativeTime-type-future": {
              "relativeTimePattern-count-one": "{0} päivän päästä",
              "relativeTimePattern-count-other": "{0} päivän päästä"
            },
            "relativeTime-type-past": {
              "relativeTimePattern-count-one": "{0} päivä sitten",
              "relativeTimePattern-count-other": "{0} päivää sitten"
            }
          },
          "weekday": {
            "displayName": "viikonpäivä"
          },
          "sun": {
            "relative-type--1": "viime sunnuntaina",
            "relative-type-0": "tänä sunnuntaina",
            "relative-type-1": "ensi sunnuntaina"
          },
          "mon": {
            "relative-type--1": "viime maanantaina",
            "relative-type-0": "tänä maanantaina",
            "relative-type-1": "ensi maanantaina"
          },
          "tue": {
            "relative-type--1": "viime tiistaina",
            "relative-type-0": "tänä tiistaina",
            "relative-type-1": "ensi tiistaina"
          },
          "wed": {
            "relative-type--1": "viime keskiviikkona",
            "relative-type-0": "tänä keskiviikkona",
            "relative-type-1": "ensi keskiviikkona"
          },
          "thu": {
            "relative-type--1": "viime torstaina",
            "relative-type-0": "tänä torstaina",
            "relative-type-1": "ensi torstaina"
          },
          "fri": {
            "relative-type--1": "viime perjantaina",
            "relative-type-0": "tänä perjantaina",
            "relative-type-1": "ensi perjantaina"
          },
          "sat": {
            "relative-type--1": "viime lauantaina",
            "relative-type-0": "tänä lauantaina",
            "relative-type-1": "ensi lauantaina"
          },
          "dayperiod": {
            "displayName": "vuorokaudenaika"
          },
          "hour": {
            "displayName": "tunti",
            "relativeTime-type-future": {
              "relativeTimePattern-count-one": "{0} tunnin päästä",
              "relativeTimePattern-count-other": "{0} tunnin päästä"
            },
            "relativeTime-type-past": {
              "relativeTimePattern-count-one": "{0} tunti sitten",
              "relativeTimePattern-count-other": "{0} tuntia sitten"
            }
          },
          "minute": {
            "displayName": "minuutti",
            "relativeTime-type-future": {
              "relativeTimePattern-count-one": "{0} minuutin päästä",
              "relativeTimePattern-count-other": "{0} minuutin päästä"
            },
            "relativeTime-type-past": {
              "relativeTimePattern-count-one": "{0} minuutti sitten",
              "relativeTimePattern-count-other": "{0} minuuttia sitten"
            }
          },
          "second": {
            "displayName": "sekunti",
            "relative-type-0": "nyt",
            "relativeTime-type-future": {
              "relativeTimePattern-count-one": "{0} sekunnin päästä",
              "relativeTimePattern-count-other": "{0} sekunnin päästä"
            },
            "relativeTime-type-past": {
              "relativeTimePattern-count-one": "{0} sekunti sitten",
              "relativeTimePattern-count-other": "{0} sekuntia sitten"
            }
          },
          "zone": {
            "displayName": "aikavyöhyke"
          }
        }
      }
    }
  }
}
