{
  "main": {
    "fi": {
      "identity": {
        "version": {
          "_cldrVersion": "24",
          "_number": "$Revision: 9287 $"
        },
        "generation": {
          "_date": "$Date: 2013-08-28 21:32:04 -0500 (Wed, 28 Aug 2013) $"
        },
        "language": "fi"
      },
      "localeDisplayNames": {
        "scripts": {
          "Afak": "afaka",
          "Aghb": "Aghb",
          "Arab": "arabialainen",
          "Arab-alt-variant": "persialaisarabialainen",
          "Armi": "valtakunnanaramealainen",
          "Armn": "armenialainen",
          "Avst": "avestalainen",
          "Bali": "balilainen",
          "Bamu": "bamum",
          "Bass": "bassa",
          "Batk": "batakilainen",
          "Beng": "bengalilainen",
          "Blis": "bliss-symbolit",
          "Bopo": "bopomofo",
          "Brah": "brahmi",
          "Brai": "braille-pistekirjoitus",
          "Bugi": "bugilainen",
          "Buhd": "buhidilainen",
          "Cakm": "chakmalainen",
          "Cans": "kanadalaisten alkuperäiskansojen yhtenäistetty tavukirjoitus",
          "Cari": "kaarialainen",
          "Cham": "tšamilainen",
          "Cher": "cherokeelainen",
          "Cirt": "cirth",
          "Copt": "koptilainen",
          "Cprt": "muinaiskyproslainen",
          "Cyrl": "kyrillinen",
          "Cyrs": "kyrillinen muinaiskirkkoslaavimuunnelma",
          "Deva": "devanagari",
          "Dsrt": "deseret",
          "Dupl": "Duployén pikakirjoitus",
          "Egyd": "egyptiläinen demoottinen",
          "Egyh": "egyptiläinen hieraattinen",
          "Egyp": "egyptiläiset hieroglyfit",
          "Elba": "Elba",
          "Ethi": "etiopialainen",
          "Ethi-alt-secondary": "ge’ez",
          "Geok": "muinaisgeorgialainen",
          "Geok-alt-secondary": "khutsuri",
          "Geor": "georgialainen",
          "Geor-alt-secondary": "mkhedruli",
          "Glag": "glagoliittinen",
          "Goth": "goottilainen",
          "Gran": "grantha",
          "Grek": "kreikkalainen",
          "Gujr": "gudžaratilainen",
          "Guru": "gurmukhi",
          "Hang": "hangul",
          "Hani": "kiinalainen han",
          "Hano": "hanunoolainen",
          "Hans": "kiinalainen yksinkertaistettu han",
          "Hans-alt-stand-alone": "yksinkertaistettu han",
          "Hant": "kiinalainen perinteinen han",
          "Hant-alt-stand-alone": "perinteinen han",
          "Hebr": "heprealainen",
          "Hira": "hiragana",
          "Hluw": "anatolialaiset hieroglyfit",
          "Hmng": "pahawh hmong",
          "Hrkt": "hiragana tai katakana",
          "Hung": "muinaisunkarilainen",
          "Inds": "induslainen",
          "Ital": "muinaisitalialainen",
          "Java": "jaavalainen",
          "Jpan": "japanilainen",
          "Jurc": "džurtšen",
          "Kali": "kayah li",
          "Kana": "katakana",
          "Khar": "kharosthi",
          "Khmr": "khmeriläinen",
          "Khoj": "khojki",
          "Knda": "kannadalainen",
          "Kore": "korealainen",
          "Kpel": "kpelle",
          "Kthi": "kaithi",
          "Lana": "lanna",
          "Laoo": "laolainen",
          "Latf": "latinalainen fraktuuramuunnelma",
          "Latg": "latinalainen gaelimuunnelma",
          "Latn": "latinalainen",
          "Lepc": "lepchalainen",
          "Limb": "limbulainen",
          "Lina": "lineaari-A",
          "Linb": "lineaari-B",
          "Lisu": "Fraserin aakkoset",
          "Loma": "loma",
          "Lyci": "lyykialainen",
          "Lydi": "lyydialainen",
          "Mahj": "Mahj",
          "Mand": "mandealainen",
          "Mani": "manikealainen",
          "Maya": "maya-hieroglyfit",
          "Mend": "mende",
          "Merc": "meroiittinen kursiivikirjoitus",
          "Mero": "meroiittinen",
          "Mlym": "malajalamilainen",
          "Mong": "mongolilainen",
          "Moon": "moon-kohokirjoitus",
          "Mroo": "mro",
          "Mtei": "meitei",
          "Mtei-alt-secondary": "meitei mayek",
          "Mymr": "burmalainen",
          "Narb": "muinaispohjoisarabialainen",
          "Nbat": "nabatealainen",
          "Nkgb": "naxi geba",
          "Nkoo": "n'ko",
          "Nshu": "nüshu",
          "Ogam": "ogam",
          "Olck": "ol chiki",
          "Orkh": "orkhon",
          "Orya": "orijalainen",
          "Osma": "osmanjalainen",
          "Palm": "palmyralainen",
          "Perm": "muinaispermiläinen",
          "Phag": "phags-pa",
          "Phli": "piirtokirjoituspahlavilainen",
          "Phlp": "psalttaripahlavilainen",
          "Phlv": "kirjapahlavilainen",
          "Phnx": "foinikialainen",
          "Plrd": "Pollardin foneettinen",
          "Prti": "piirtokirjoitusparthialainen",
          "Qaaa": "Qaaa",
          "Qaab": "Qaab",
          "Qaac": "Qaac",
          "Qaad": "Qaad",
          "Qaae": "Qaae",
          "Qaaf": "Qaaf",
          "Qaag": "Qaag",
          "Qaah": "Qaah",
          "Qaaj": "Qaaj",
          "Qaak": "Qaak",
          "Qaal": "Qaal",
          "Qaam": "Qaam",
          "Qaan": "Qaan",
          "Qaao": "Qaao",
          "Qaap": "Qaap",
          "Qaaq": "Qaaq",
          "Qaar": "Qaar",
          "Qaas": "Qaas",
          "Qaat": "Qaat",
          "Qaau": "Qaau",
          "Qaav": "Qaav",
          "Qaaw": "Qaaw",
          "Qaax": "Qaax",
          "Qaay": "Qaay",
          "Qaaz": "Qaaz",
          "Qaba": "Qaba",
          "Qabb": "Qabb",
          "Qabc": "Qabc",
          "Qabd": "Qabd",
          "Qabe": "Qabe",
          "Qabf": "Qabf",
          "Qabg": "Qabg",
          "Qabh": "Qabh",
          "Qabi": "Qabi",
          "Qabj": "Qabj",
          "Qabk": "Qabk",
          "Qabl": "Qabl",
          "Qabm": "Qabm",
          "Qabn": "Qabn",
          "Qabo": "Qabo",
          "Qabp": "Qabp",
          "Qabq": "Qabq",
          "Qabr": "Qabr",
          "Qabs": "Qabs",
          "Qabt": "Qabt",
          "Qabu": "Qabu",
          "Qabv": "Qabv",
          "Qabw": "Qabw",
          "Qabx": "Qabx",
          "Rjng": "rejang",
          "Roro": "rongorongo",
          "Runr": "riimukirjoitus",
          "Samr": "samarianaramealainen",
          "Sara": "sarati",
          "Sarb": "muinaiseteläarabialainen",
          "Saur": "saurashtra",
          "Sgnw": "SignWriting",
          "Shaw": "shaw’lainen",
          "Shrd": "sarada",
          "Sind": "khudabadi",
          "Sinh": "sinhalilainen",
          "Sora": "sorang sompeng",
          "Sund": "sundalainen",
          "Sylo": "syloti nagri",
          "Syrc": "syyrialainen",
          "Syre": "syyrialainen estrangelo-muunnelma",
          "Syrj": "syyrialainen läntinen muunnelma",
          "Syrn": "syyrialainen itäinen muunnelma",
          "Tagb": "tagbanwalainen",
          "Takr": "takri",
          "Tale": "tailelainen",
          "Talu": "uusi tailuelainen",
          "Taml": "tamililainen",
          "Tang": "tangut",
          "Tavt": "tai viet",
          "Telu": "telugulainen",
          "Teng": "tengwar",
          "Tfng": "tifinagh",
          "Tglg": "tagalogilainen",
          "Thaa": "thaana",
          "Thai": "thailainen",
          "Tibt": "tiibetiläinen",
          "Tirh": "tirhuta",
          "Ugar": "ugaritilainen",
          "Vaii": "vailainen",
          "Visp": "näkyvä puhe",
          "Visp-alt-secondary": "Visible Speech",
          "Wara": "varang kshiti",
          "Wole": "woleai",
          "Xpeo": "muinaispersialainen",
          "Xsux": "sumerilais-akkadilainen nuolenpääkirjoitus",
          "Yiii": "yiläinen",
          "Zinh": "peritty",
          "Zmth": "matemaattinen",
          "Zsym": "symbolit",
          "Zxxx": "kirjoittamaton",
          "Zyyy": "määrittämätön",
          "Zzzz": "tuntematon kirjoitusjärjestelmä"
        }
      }
    }
  }
}
