{
  "main": {
    "fi": {
      "identity": {
        "version": {
          "_cldrVersion": "24",
          "_number": "$Revision: 9287 $"
        },
        "generation": {
          "_date": "$Date: 2013-08-28 21:32:04 -0500 (Wed, 28 Aug 2013) $"
        },
        "language": "fi"
      },
      "units": {
        "long": {
          "per": {
            "compoundUnitPattern": "{0}/{1}"
          },
          "acceleration-g-force": {
            "unitPattern-count-one": "{0} G",
            "unitPattern-count-other": "{0} G"
          },
          "angle-arc-minute": {
            "unitPattern-count-one": "{0} kulmaminuutti",
            "unitPattern-count-other": "{0} kulmaminuuttia"
          },
          "angle-arc-second": {
            "unitPattern-count-one": "{0} kulmasekunti",
            "unitPattern-count-other": "{0} kulmasekuntia"
          },
          "angle-degree": {
            "unitPattern-count-one": "{0} aste",
            "unitPattern-count-other": "{0} astetta"
          },
          "area-acre": {
            "unitPattern-count-one": "{0} eekkeri",
            "unitPattern-count-other": "{0} eekkeriä"
          },
          "area-hectare": {
            "unitPattern-count-one": "{0} hehtaari",
            "unitPattern-count-other": "{0} hehtaaria"
          },
          "area-square-foot": {
            "unitPattern-count-one": "{0} neliöjalka",
            "unitPattern-count-other": "{0} neliöjalkaa"
          },
          "area-square-kilometer": {
            "unitPattern-count-one": "{0} neliökilometri",
            "unitPattern-count-other": "{0} neliökilometriä"
          },
          "area-square-meter": {
            "unitPattern-count-one": "{0} neliömetri",
            "unitPattern-count-other": "{0} neliömetriä"
          },
          "area-square-mile": {
            "unitPattern-count-one": "{0} neliömaili",
            "unitPattern-count-other": "{0} neliömailia"
          },
          "duration-day": {
            "unitPattern-count-one": "{0} päivä",
            "unitPattern-count-other": "{0} päivää"
          },
          "duration-hour": {
            "unitPattern-count-one": "{0} tunti",
            "unitPattern-count-other": "{0} tuntia"
          },
          "duration-millisecond": {
            "unitPattern-count-one": "{0} millisekunti",
            "unitPattern-count-other": "{0} millisekuntia"
          },
          "duration-minute": {
            "unitPattern-count-one": "{0} minuutti",
            "unitPattern-count-other": "{0} minuuttia"
          },
          "duration-month": {
            "unitPattern-count-one": "{0} kuukausi",
            "unitPattern-count-other": "{0} kuukautta"
          },
          "duration-second": {
            "unitPattern-count-one": "{0} sekunti",
            "unitPattern-count-other": "{0} sekuntia"
          },
          "duration-week": {
            "unitPattern-count-one": "{0} viikko",
            "unitPattern-count-other": "{0} viikkoa"
          },
          "duration-year": {
            "unitPattern-count-one": "{0} vuosi",
            "unitPattern-count-other": "{0} vuotta"
          },
          "length-centimeter": {
            "unitPattern-count-one": "{0} senttimetri",
            "unitPattern-count-other": "{0} senttimetriä"
          },
          "length-foot": {
            "unitPattern-count-one": "{0} jalka",
            "unitPattern-count-other": "{0} jalkaa"
          },
          "length-inch": {
            "unitPattern-count-one": "{0} tuuma",
            "unitPattern-count-other": "{0} tuumaa"
          },
          "length-kilometer": {
            "unitPattern-count-one": "{0} kilometri",
            "unitPattern-count-other": "{0} kilometriä"
          },
          "length-light-year": {
            "unitPattern-count-one": "{0} valovuosi",
            "unitPattern-count-other": "{0} valovuotta"
          },
          "length-meter": {
            "unitPattern-count-one": "{0} metri",
            "unitPattern-count-other": "{0} metriä"
          },
          "length-mile": {
            "unitPattern-count-one": "{0} maili",
            "unitPattern-count-other": "{0} mailia"
          },
          "length-millimeter": {
            "unitPattern-count-one": "{0} millimetri",
            "unitPattern-count-other": "{0} millimetriä"
          },
          "length-picometer": {
            "unitPattern-count-one": "{0} pikometri",
            "unitPattern-count-other": "{0} pikometriä"
          },
          "length-yard": {
            "unitPattern-count-one": "{0} jaardi",
            "unitPattern-count-other": "{0} jaardia"
          },
          "mass-gram": {
            "unitPattern-count-one": "{0} gramma",
            "unitPattern-count-other": "{0} grammaa"
          },
          "mass-kilogram": {
            "unitPattern-count-one": "{0} kilogramma",
            "unitPattern-count-other": "{0} kilogrammaa"
          },
          "mass-ounce": {
            "unitPattern-count-one": "{0} unssi",
            "unitPattern-count-other": "{0} unssia"
          },
          "mass-pound": {
            "unitPattern-count-one": "{0} pauna",
            "unitPattern-count-other": "{0} paunaa"
          },
          "power-horsepower": {
            "unitPattern-count-one": "{0} hevosvoima",
            "unitPattern-count-other": "{0} hevosvoimaa"
          },
          "power-kilowatt": {
            "unitPattern-count-one": "{0} kilowatti",
            "unitPattern-count-other": "{0} kilowattia"
          },
          "power-watt": {
            "unitPattern-count-one": "{0} watti",
            "unitPattern-count-other": "{0} wattia"
          },
          "pressure-hectopascal": {
            "unitPattern-count-one": "{0} hehtopascal",
            "unitPattern-count-other": "{0} hehtopascalia"
          },
          "pressure-inch-hg": {
            "unitPattern-count-one": "{0} tuuma elohopeaa",
            "unitPattern-count-other": "{0} tuumaa elohopeaa"
          },
          "pressure-millibar": {
            "unitPattern-count-one": "{0} millibaari",
            "unitPattern-count-other": "{0} millibaaria"
          },
          "speed-kilometer-per-hour": {
            "unitPattern-count-one": "{0} kilometri tunnissa",
            "unitPattern-count-other": "{0} kilometriä tunnissa"
          },
          "speed-meter-per-second": {
            "unitPattern-count-one": "{0} metri sekunnissa",
            "unitPattern-count-other": "{0} metriä sekunnissa"
          },
          "speed-mile-per-hour": {
            "unitPattern-count-one": "{0} maili tunnissa",
            "unitPattern-count-other": "{0} mailia tunnissa"
          },
          "temperature-celsius": {
            "unitPattern-count-one": "{0} celsiusaste",
            "unitPattern-count-other": "{0} celsiusastetta"
          },
          "temperature-fahrenheit": {
            "unitPattern-count-one": "{0} fahrenheitaste",
            "unitPattern-count-other": "{0} fahrenheitastetta"
          },
          "volume-cubic-kilometer": {
            "unitPattern-count-one": "{0} kuutiokilometri",
            "unitPattern-count-other": "{0} kuutiokilometriä"
          },
          "volume-cubic-mile": {
            "unitPattern-count-one": "{0} kuutiomaili",
            "unitPattern-count-other": "{0} kuutiomailia"
          },
          "volume-liter": {
            "unitPattern-count-one": "{0} litra",
            "unitPattern-count-other": "{0} litraa"
          }
        },
        "short": {
          "per": {
            "compoundUnitPattern": "{0}/{1}"
          },
          "acceleration-g-force": {
            "unitPattern-count-one": "{0} G",
            "unitPattern-count-other": "{0} G"
          },
          "angle-arc-minute": {
            "unitPattern-count-one": "{0}′",
            "unitPattern-count-other": "{0}′"
          },
          "angle-arc-second": {
            "unitPattern-count-one": "{0}″",
            "unitPattern-count-other": "{0}″"
          },
          "angle-degree": {
            "unitPattern-count-one": "{0}°",
            "unitPattern-count-other": "{0}°"
          },
          "area-acre": {
            "unitPattern-count-one": "{0} ac",
            "unitPattern-count-other": "{0} ac"
          },
          "area-hectare": {
            "unitPattern-count-one": "{0} ha",
            "unitPattern-count-other": "{0} ha"
          },
          "area-square-foot": {
            "unitPattern-count-one": "{0} ft²",
            "unitPattern-count-other": "{0} ft²"
          },
          "area-square-kilometer": {
            "unitPattern-count-one": "{0} km²",
            "unitPattern-count-other": "{0} km²"
          },
          "area-square-meter": {
            "unitPattern-count-one": "{0} m²",
            "unitPattern-count-other": "{0} m²"
          },
          "area-square-mile": {
            "unitPattern-count-one": "{0} mi²",
            "unitPattern-count-other": "{0} mi²"
          },
          "duration-day": {
            "unitPattern-count-one": "{0} pv",
            "unitPattern-count-other": "{0} pv"
          },
          "duration-hour": {
            "unitPattern-count-one": "{0} t",
            "unitPattern-count-other": "{0} t"
          },
          "duration-millisecond": {
            "unitPattern-count-one": "{0} ms",
            "unitPattern-count-other": "{0} ms"
          },
          "duration-minute": {
            "unitPattern-count-one": "{0} min",
            "unitPattern-count-other": "{0} min"
          },
          "duration-month": {
            "unitPattern-count-one": "{0} kk",
            "unitPattern-count-other": "{0} kk"
          },
          "duration-second": {
            "unitPattern-count-one": "{0} s",
            "unitPattern-count-other": "{0} s"
          },
          "duration-week": {
            "unitPattern-count-one": "{0} vk",
            "unitPattern-count-other": "{0} vk"
          },
          "duration-year": {
            "unitPattern-count-one": "{0} v",
            "unitPattern-count-other": "{0} v"
          },
          "length-centimeter": {
            "unitPattern-count-one": "{0} cm",
            "unitPattern-count-other": "{0} cm"
          },
          "length-foot": {
            "unitPattern-count-one": "{0} ft",
            "unitPattern-count-other": "{0} ft"
          },
          "length-inch": {
            "unitPattern-count-one": "{0} in",
            "unitPattern-count-other": "{0} in"
          },
          "length-kilometer": {
            "unitPattern-count-one": "{0} km",
            "unitPattern-count-other": "{0} km"
          },
          "length-light-year": {
            "unitPattern-count-one": "{0} vv",
            "unitPattern-count-other": "{0} vv"
          },
          "length-meter": {
            "unitPattern-count-one": "{0} m",
            "unitPattern-count-other": "{0} m"
          },
          "length-mile": {
            "unitPattern-count-one": "{0} mi",
            "unitPattern-count-other": "{0} mi"
          },
          "length-millimeter": {
            "unitPattern-count-one": "{0} mm",
            "unitPattern-count-other": "{0} mm"
          },
          "length-picometer": {
            "unitPattern-count-one": "{0} pm",
            "unitPattern-count-other": "{0} pm"
          },
          "length-yard": {
            "unitPattern-count-one": "{0} yd",
            "unitPattern-count-other": "{0} yd"
          },
          "mass-gram": {
            "unitPattern-count-one": "{0} g",
            "unitPattern-count-other": "{0} g"
          },
          "mass-kilogram": {
            "unitPattern-count-one": "{0} kg",
            "unitPattern-count-other": "{0} kg"
          },
          "mass-ounce": {
            "unitPattern-count-one": "{0} oz",
            "unitPattern-count-other": "{0} oz"
          },
          "mass-pound": {
            "unitPattern-count-one": "{0} lb",
            "unitPattern-count-other": "{0} lb"
          },
          "power-horsepower": {
            "unitPattern-count-one": "{0} hv",
            "unitPattern-count-other": "{0} hv"
          },
          "power-kilowatt": {
            "unitPattern-count-one": "{0} kW",
            "unitPattern-count-other": "{0} kW"
          },
          "power-watt": {
            "unitPattern-count-one": "{0} W",
            "unitPattern-count-other": "{0} W"
          },
          "pressure-hectopascal": {
            "unitPattern-count-one": "{0} hPa",
            "unitPattern-count-other": "{0} hPa"
          },
          "pressure-inch-hg": {
            "unitPattern-count-one": "{0} inHg",
            "unitPattern-count-other": "{0} inHg"
          },
          "pressure-millibar": {
            "unitPattern-count-one": "{0} mbar",
            "unitPattern-count-other": "{0} mbar"
          },
          "speed-kilometer-per-hour": {
            "unitPattern-count-one": "{0} km/h",
            "unitPattern-count-other": "{0} km/h"
          },
          "speed-meter-per-second": {
            "unitPattern-count-one": "{0} m/s",
            "unitPattern-count-other": "{0} m/s"
          },
          "speed-mile-per-hour": {
            "unitPattern-count-one": "{0} mi/h",
            "unitPattern-count-other": "{0} mi/h"
          },
          "temperature-celsius": {
            "unitPattern-count-one": "{0} °C",
            "unitPattern-count-other": "{0} °C"
          },
          "temperature-fahrenheit": {
            "unitPattern-count-one": "{0} °F",
            "unitPattern-count-other": "{0} °F"
          },
          "volume-cubic-kilometer": {
            "unitPattern-count-one": "{0} km³",
            "unitPattern-count-other": "{0} km³"
          },
          "volume-cubic-mile": {
            "unitPattern-count-one": "{0} mi³",
            "unitPattern-count-other": "{0} mi³"
          },
          "volume-liter": {
            "unitPattern-count-one": "{0} l",
            "unitPattern-count-other": "{0} l"
          }
        },
        "narrow": {
          "per": {
            "compoundUnitPattern": "{0}/{1}"
          },
          "acceleration-g-force": {
            "unitPattern-count-one": "{0}G",
            "unitPattern-count-other": "{0}G"
          },
          "angle-arc-minute": {
            "unitPattern-count-one": "{0}′",
            "unitPattern-count-other": "{0}′"
          },
          "angle-arc-second": {
            "unitPattern-count-one": "{0}″",
            "unitPattern-count-other": "{0}″"
          },
          "angle-degree": {
            "unitPattern-count-one": "{0}°",
            "unitPattern-count-other": "{0}°"
          },
          "area-acre": {
            "unitPattern-count-one": "{0}ac",
            "unitPattern-count-other": "{0}ac"
          },
          "area-hectare": {
            "unitPattern-count-one": "{0}ha",
            "unitPattern-count-other": "{0}ha"
          },
          "area-square-foot": {
            "unitPattern-count-one": "{0}ft²",
            "unitPattern-count-other": "{0}ft²"
          },
          "area-square-kilometer": {
            "unitPattern-count-one": "{0}km²",
            "unitPattern-count-other": "{0}km²"
          },
          "area-square-meter": {
            "unitPattern-count-one": "{0}m²",
            "unitPattern-count-other": "{0}m²"
          },
          "area-square-mile": {
            "unitPattern-count-one": "{0}mi²",
            "unitPattern-count-other": "{0}mi²"
          },
          "duration-day": {
            "unitPattern-count-one": "{0}pv",
            "unitPattern-count-other": "{0}pv"
          },
          "duration-hour": {
            "unitPattern-count-one": "{0}t",
            "unitPattern-count-other": "{0}t"
          },
          "duration-millisecond": {
            "unitPattern-count-one": "{0}ms",
            "unitPattern-count-other": "{0}ms"
          },
          "duration-minute": {
            "unitPattern-count-one": "{0}min",
            "unitPattern-count-other": "{0}min"
          },
          "duration-month": {
            "unitPattern-count-one": "{0}kk",
            "unitPattern-count-other": "{0}kk"
          },
          "duration-second": {
            "unitPattern-count-one": "{0}s",
            "unitPattern-count-other": "{0}s"
          },
          "duration-week": {
            "unitPattern-count-one": "{0}vk",
            "unitPattern-count-other": "{0}vk"
          },
          "duration-year": {
            "unitPattern-count-one": "{0}v",
            "unitPattern-count-other": "{0}v"
          },
          "length-centimeter": {
            "unitPattern-count-one": "{0}cm",
            "unitPattern-count-other": "{0}cm"
          },
          "length-foot": {
            "unitPattern-count-one": "{0}′",
            "unitPattern-count-other": "{0}′"
          },
          "length-inch": {
            "unitPattern-count-one": "{0}″",
            "unitPattern-count-other": "{0}″"
          },
          "length-kilometer": {
            "unitPattern-count-one": "{0}km",
            "unitPattern-count-other": "{0}km"
          },
          "length-light-year": {
            "unitPattern-count-one": "{0}vv",
            "unitPattern-count-other": "{0}vv"
          },
          "length-meter": {
            "unitPattern-count-one": "{0}m",
            "unitPattern-count-other": "{0}m"
          },
          "length-mile": {
            "unitPattern-count-one": "{0}mi",
            "unitPattern-count-other": "{0}mi"
          },
          "length-millimeter": {
            "unitPattern-count-one": "{0}mm",
            "unitPattern-count-other": "{0}mm"
          },
          "length-picometer": {
            "unitPattern-count-one": "{0}pm",
            "unitPattern-count-other": "{0}pm"
          },
          "length-yard": {
            "unitPattern-count-one": "{0}yd",
            "unitPattern-count-other": "{0}yd"
          },
          "mass-gram": {
            "unitPattern-count-one": "{0}g",
            "unitPattern-count-other": "{0}g"
          },
          "mass-kilogram": {
            "unitPattern-count-one": "{0}kg",
            "unitPattern-count-other": "{0}kg"
          },
          "mass-ounce": {
            "unitPattern-count-one": "{0}oz",
            "unitPattern-count-other": "{0}oz"
          },
          "mass-pound": {
            "unitPattern-count-one": "{0}lb",
            "unitPattern-count-other": "{0}lb"
          },
          "power-horsepower": {
            "unitPattern-count-one": "{0}hv",
            "unitPattern-count-other": "{0}hv"
          },
          "power-kilowatt": {
            "unitPattern-count-one": "{0}kW",
            "unitPattern-count-other": "{0}kW"
          },
          "power-watt": {
            "unitPattern-count-one": "{0}W",
            "unitPattern-count-other": "{0}W"
          },
          "pressure-hectopascal": {
            "unitPattern-count-one": "{0}hPa",
            "unitPattern-count-other": "{0}hPa"
          },
          "pressure-inch-hg": {
            "unitPattern-count-one": "{0}″ Hg",
            "unitPattern-count-other": "{0}″ Hg"
          },
          "pressure-millibar": {
            "unitPattern-count-one": "{0}mbar",
            "unitPattern-count-other": "{0}mbar"
          },
          "speed-kilometer-per-hour": {
            "unitPattern-count-one": "{0}km/h",
            "unitPattern-count-other": "{0}km/h"
          },
          "speed-meter-per-second": {
            "unitPattern-count-one": "{0}m/s",
            "unitPattern-count-other": "{0}m/s"
          },
          "speed-mile-per-hour": {
            "unitPattern-count-one": "{0}mi/h",
            "unitPattern-count-other": "{0}mi/h"
          },
          "temperature-celsius": {
            "unitPattern-count-one": "{0}°",
            "unitPattern-count-other": "{0}°"
          },
          "temperature-fahrenheit": {
            "unitPattern-count-one": "{0}°F",
            "unitPattern-count-other": "{0}°F"
          },
          "volume-cubic-kilometer": {
            "unitPattern-count-one": "{0}km³",
            "unitPattern-count-other": "{0}km³"
          },
          "volume-cubic-mile": {
            "unitPattern-count-one": "{0}mi³",
            "unitPattern-count-other": "{0}mi³"
          },
          "volume-liter": {
            "unitPattern-count-one": "{0}l",
            "unitPattern-count-other": "{0}l"
          }
        },
        "durationUnit-type-hm": {
          "durationUnitPattern": "h.mm"
        },
        "durationUnit-type-hms": {
          "durationUnitPattern": "h.mm.ss"
        },
        "durationUnit-type-ms": {
          "durationUnitPattern": "m.ss"
        }
      }
    }
  }
}
