{
  "main": {
    "es": {
      "identity": {
        "version": {
          "_cldrVersion": "24",
          "_number": "$Revision: 9287 $"
        },
        "generation": {
          "_date": "$Date: 2013-08-28 21:32:04 -0500 (Wed, 28 Aug 2013) $"
        },
        "language": "es"
      },
      "dates": {
        "calendars": {
          "chinese": {
            "months": {
              "format": {
                "abbreviated": {
                  "1": "M01",
                  "2": "M02",
                  "3": "M03",
                  "4": "M04",
                  "5": "M05",
                  "6": "M06",
                  "7": "M07",
                  "8": "M08",
                  "9": "M09",
                  "10": "M10",
                  "11": "M11",
                  "12": "M12"
                },
                "narrow": {
                  "1": "1",
                  "2": "2",
                  "3": "3",
                  "4": "4",
                  "5": "5",
                  "6": "6",
                  "7": "7",
                  "8": "8",
                  "9": "9",
                  "10": "10",
                  "11": "11",
                  "12": "12"
                },
                "wide": {
                  "1": "M01",
                  "2": "M02",
                  "3": "M03",
                  "4": "M04",
                  "5": "M05",
                  "6": "M06",
                  "7": "M07",
                  "8": "M08",
                  "9": "M09",
                  "10": "M10",
                  "11": "M11",
                  "12": "M12"
                }
              },
              "stand-alone": {
                "abbreviated": {
                  "1": "M01",
                  "2": "M02",
                  "3": "M03",
                  "4": "M04",
                  "5": "M05",
                  "6": "M06",
                  "7": "M07",
                  "8": "M08",
                  "9": "M09",
                  "10": "M10",
                  "11": "M11",
                  "12": "M12"
                },
                "narrow": {
                  "1": "1",
                  "2": "2",
                  "3": "3",
                  "4": "4",
                  "5": "5",
                  "6": "6",
                  "7": "7",
                  "8": "8",
                  "9": "9",
                  "10": "10",
                  "11": "11",
                  "12": "12"
                },
                "wide": {
                  "1": "M01",
                  "2": "M02",
                  "3": "M03",
                  "4": "M04",
                  "5": "M05",
                  "6": "M06",
                  "7": "M07",
                  "8": "M08",
                  "9": "M09",
                  "10": "M10",
                  "11": "M11",
                  "12": "M12"
                }
              }
            },
            "monthPatterns": {
              "format": {
                "abbreviated": {
                  "leap": "{0}bis"
                },
                "narrow": {
                  "leap": "{0}b"
                },
                "wide": {
                  "leap": "{0}bis"
                }
              },
              "numeric": {
                "all": {
                  "leap": "{0}bis"
                }
              },
              "stand-alone": {
                "abbreviated": {
                  "leap": "{0}bis"
                },
                "narrow": {
                  "leap": "{0}b"
                },
                "wide": {
                  "leap": "{0}bis"
                }
              }
            },
            "days": {
              "format": {
                "abbreviated": {
                  "sun": "dom.",
                  "mon": "lun.",
                  "tue": "mar.",
                  "wed": "mié.",
                  "thu": "jue.",
                  "fri": "vie.",
                  "sat": "sáb."
                },
                "narrow": {
                  "sun": "D",
                  "mon": "L",
                  "tue": "M",
                  "wed": "X",
                  "thu": "J",
                  "fri": "V",
                  "sat": "S"
                },
                "short": {
                  "sun": "DO",
                  "mon": "LU",
                  "tue": "MA",
                  "wed": "MI",
                  "thu": "JU",
                  "fri": "VI",
                  "sat": "SA"
                },
                "wide": {
                  "sun": "domingo",
                  "mon": "lunes",
                  "tue": "martes",
                  "wed": "miércoles",
                  "thu": "jueves",
                  "fri": "viernes",
                  "sat": "sábado"
                }
              },
              "stand-alone": {
                "abbreviated": {
                  "sun": "Dom.",
                  "mon": "Lun.",
                  "tue": "Mar.",
                  "wed": "Mié.",
                  "thu": "Jue.",
                  "fri": "Vie.",
                  "sat": "Sáb."
                },
                "narrow": {
                  "sun": "D",
                  "mon": "L",
                  "tue": "M",
                  "wed": "M",
                  "thu": "J",
                  "fri": "V",
                  "sat": "S"
                },
                "short": {
                  "sun": "DO",
                  "mon": "LU",
                  "tue": "MA",
                  "wed": "MI",
                  "thu": "JU",
                  "fri": "VI",
                  "sat": "SA"
                },
                "wide": {
                  "sun": "Domingo",
                  "mon": "Lunes",
                  "tue": "Martes",
                  "wed": "Miércoles",
                  "thu": "Jueves",
                  "fri": "Viernes",
                  "sat": "Sábado"
                }
              }
            },
            "quarters": {
              "format": {
                "abbreviated": {
                  "1": "T1",
                  "2": "T2",
                  "3": "T3",
                  "4": "T4"
                },
                "narrow": {
                  "1": "1T",
                  "2": "2T",
                  "3": "3T",
                  "4": "4T"
                },
                "wide": {
                  "1": "1.er trimestre",
                  "2": "2.º trimestre",
                  "3": "3.er trimestre",
                  "4": "4.º trimestre"
                }
              },
              "stand-alone": {
                "abbreviated": {
                  "1": "T1",
                  "2": "T2",
                  "3": "T3",
                  "4": "T4"
                },
                "narrow": {
                  "1": "1T",
                  "2": "2T",
                  "3": "3T",
                  "4": "4T"
                },
                "wide": {
                  "1": "1.er trimestre",
                  "2": "2.º trimestre",
                  "3": "3.er trimestre",
                  "4": "4.º trimestre"
                }
              }
            },
            "dayPeriods": {
              "format": {
                "abbreviated": {
                  "am": "a. m.",
                  "pm": "p. m."
                },
                "narrow": {
                  "am": "a.m.",
                  "pm": "p.m."
                },
                "wide": {
                  "am": "a. m.",
                  "pm": "p. m."
                }
              },
              "stand-alone": {
                "abbreviated": {
                  "am": "a. m.",
                  "pm": "p. m."
                },
                "narrow": {
                  "am": "a.m.",
                  "pm": "p.m."
                },
                "wide": {
                  "am": "a. m.",
                  "pm": "p. m."
                }
              }
            },
            "cyclicNameSets": {
              "dayParts": {
                "format": {
                  "abbreviated": {
                    "1": "zi",
                    "2": "chou",
                    "3": "yin",
                    "4": "mao",
                    "5": "chen",
                    "6": "si",
                    "7": "wu",
                    "8": "wei",
                    "9": "shen",
                    "10": "you",
                    "11": "xu",
                    "12": "hai"
                  },
                  "narrow": {
                    "1": "zi",
                    "2": "chou",
                    "3": "yin",
                    "4": "mao",
                    "5": "chen",
                    "6": "si",
                    "7": "wu",
                    "8": "wei",
                    "9": "shen",
                    "10": "you",
                    "11": "xu",
                    "12": "hai"
                  },
                  "wide": {
                    "1": "zi",
                    "2": "chou",
                    "3": "yin",
                    "4": "mao",
                    "5": "chen",
                    "6": "si",
                    "7": "wu",
                    "8": "wei",
                    "9": "shen",
                    "10": "you",
                    "11": "xu",
                    "12": "hai"
                  }
                }
              },
              "days": {
                "format": {
                  "abbreviated": {
                    "1": "jia-zi",
                    "2": "yi-chou",
                    "3": "bing-yin",
                    "4": "ding-mao",
                    "5": "wu-chen",
                    "6": "ji-si",
                    "7": "geng-wu",
                    "8": "xin-wei",
                    "9": "ren-shen",
                    "10": "gui-you",
                    "11": "jia-xu",
                    "12": "yi-hai",
                    "13": "bing-zi",
                    "14": "ding-chou",
                    "15": "wu-yin",
                    "16": "ji-mao",
                    "17": "geng-chen",
                    "18": "xin-si",
                    "19": "ren-wu",
                    "20": "gui-wei",
                    "21": "jia-shen",
                    "22": "yi-you",
                    "23": "bing-xu",
                    "24": "ding-hai",
                    "25": "wu-zi",
                    "26": "ji-chou",
                    "27": "geng-yin",
                    "28": "xin-mao",
                    "29": "ren-chen",
                    "30": "gui-si",
                    "31": "jia-wu",
                    "32": "yi-wei",
                    "33": "bing-shen",
                    "34": "ding-you",
                    "35": "wu-xu",
                    "36": "ji-hai",
                    "37": "geng-zi",
                    "38": "xin-chou",
                    "39": "ren-yin",
                    "40": "gui-mao",
                    "41": "jia-chen",
                    "42": "yi-si",
                    "43": "bing-wu",
                    "44": "ding-wei",
                    "45": "wu-shen",
                    "46": "ji-you",
                    "47": "geng-xu",
                    "48": "xin-hai",
                    "49": "ren-zi",
                    "50": "gui-chou",
                    "51": "jia-yin",
                    "52": "yi-mao",
                    "53": "bing-chen",
                    "54": "ding-si",
                    "55": "wu-wu",
                    "56": "ji-wei",
                    "57": "geng-shen",
                    "58": "xin-you",
                    "59": "ren-xu",
                    "60": "gui-hai"
                  },
                  "narrow": {
                    "1": "jia-zi",
                    "2": "yi-chou",
                    "3": "bing-yin",
                    "4": "ding-mao",
                    "5": "wu-chen",
                    "6": "ji-si",
                    "7": "geng-wu",
                    "8": "xin-wei",
                    "9": "ren-shen",
                    "10": "gui-you",
                    "11": "jia-xu",
                    "12": "yi-hai",
                    "13": "bing-zi",
                    "14": "ding-chou",
                    "15": "wu-yin",
                    "16": "ji-mao",
                    "17": "geng-chen",
                    "18": "xin-si",
                    "19": "ren-wu",
                    "20": "gui-wei",
                    "21": "jia-shen",
                    "22": "yi-you",
                    "23": "bing-xu",
                    "24": "ding-hai",
                    "25": "wu-zi",
                    "26": "ji-chou",
                    "27": "geng-yin",
                    "28": "xin-mao",
                    "29": "ren-chen",
                    "30": "gui-si",
                    "31": "jia-wu",
                    "32": "yi-wei",
                    "33": "bing-shen",
                    "34": "ding-you",
                    "35": "wu-xu",
                    "36": "ji-hai",
                    "37": "geng-zi",
                    "38": "xin-chou",
                    "39": "ren-yin",
                    "40": "gui-mao",
                    "41": "jia-chen",
                    "42": "yi-si",
                    "43": "bing-wu",
                    "44": "ding-wei",
                    "45": "wu-shen",
                    "46": "ji-you",
                    "47": "geng-xu",
                    "48": "xin-hai",
                    "49": "ren-zi",
                    "50": "gui-chou",
                    "51": "jia-yin",
                    "52": "yi-mao",
                    "53": "bing-chen",
                    "54": "ding-si",
                    "55": "wu-wu",
                    "56": "ji-wei",
                    "57": "geng-shen",
                    "58": "xin-you",
                    "59": "ren-xu",
                    "60": "gui-hai"
                  },
                  "wide": {
                    "1": "jia-zi",
                    "2": "yi-chou",
                    "3": "bing-yin",
                    "4": "ding-mao",
                    "5": "wu-chen",
                    "6": "ji-si",
                    "7": "geng-wu",
                    "8": "xin-wei",
                    "9": "ren-shen",
                    "10": "gui-you",
                    "11": "jia-xu",
                    "12": "yi-hai",
                    "13": "bing-zi",
                    "14": "ding-chou",
                    "15": "wu-yin",
                    "16": "ji-mao",
                    "17": "geng-chen",
                    "18": "xin-si",
                    "19": "ren-wu",
                    "20": "gui-wei",
                    "21": "jia-shen",
                    "22": "yi-you",
                    "23": "bing-xu",
                    "24": "ding-hai",
                    "25": "wu-zi",
                    "26": "ji-chou",
                    "27": "geng-yin",
                    "28": "xin-mao",
                    "29": "ren-chen",
                    "30": "gui-si",
                    "31": "jia-wu",
                    "32": "yi-wei",
                    "33": "bing-shen",
                    "34": "ding-you",
                    "35": "wu-xu",
                    "36": "ji-hai",
                    "37": "geng-zi",
                    "38": "xin-chou",
                    "39": "ren-yin",
                    "40": "gui-mao",
                    "41": "jia-chen",
                    "42": "yi-si",
                    "43": "bing-wu",
                    "44": "ding-wei",
                    "45": "wu-shen",
                    "46": "ji-you",
                    "47": "geng-xu",
                    "48": "xin-hai",
                    "49": "ren-zi",
                    "50": "gui-chou",
                    "51": "jia-yin",
                    "52": "yi-mao",
                    "53": "bing-chen",
                    "54": "ding-si",
                    "55": "wu-wu",
                    "56": "ji-wei",
                    "57": "geng-shen",
                    "58": "xin-you",
                    "59": "ren-xu",
                    "60": "gui-hai"
                  }
                }
              },
              "months": {
                "format": {
                  "abbreviated": {
                    "1": "jia-zi",
                    "2": "yi-chou",
                    "3": "bing-yin",
                    "4": "ding-mao",
                    "5": "wu-chen",
                    "6": "ji-si",
                    "7": "geng-wu",
                    "8": "xin-wei",
                    "9": "ren-shen",
                    "10": "gui-you",
                    "11": "jia-xu",
                    "12": "yi-hai",
                    "13": "bing-zi",
                    "14": "ding-chou",
                    "15": "wu-yin",
                    "16": "ji-mao",
                    "17": "geng-chen",
                    "18": "xin-si",
                    "19": "ren-wu",
                    "20": "gui-wei",
                    "21": "jia-shen",
                    "22": "yi-you",
                    "23": "bing-xu",
                    "24": "ding-hai",
                    "25": "wu-zi",
                    "26": "ji-chou",
                    "27": "geng-yin",
                    "28": "xin-mao",
                    "29": "ren-chen",
                    "30": "gui-si",
                    "31": "jia-wu",
                    "32": "yi-wei",
                    "33": "bing-shen",
                    "34": "ding-you",
                    "35": "wu-xu",
                    "36": "ji-hai",
                    "37": "geng-zi",
                    "38": "xin-chou",
                    "39": "ren-yin",
                    "40": "gui-mao",
                    "41": "jia-chen",
                    "42": "yi-si",
                    "43": "bing-wu",
                    "44": "ding-wei",
                    "45": "wu-shen",
                    "46": "ji-you",
                    "47": "geng-xu",
                    "48": "xin-hai",
                    "49": "ren-zi",
                    "50": "gui-chou",
                    "51": "jia-yin",
                    "52": "yi-mao",
                    "53": "bing-chen",
                    "54": "ding-si",
                    "55": "wu-wu",
                    "56": "ji-wei",
                    "57": "geng-shen",
                    "58": "xin-you",
                    "59": "ren-xu",
                    "60": "gui-hai"
                  },
                  "narrow": {
                    "1": "jia-zi",
                    "2": "yi-chou",
                    "3": "bing-yin",
                    "4": "ding-mao",
                    "5": "wu-chen",
                    "6": "ji-si",
                    "7": "geng-wu",
                    "8": "xin-wei",
                    "9": "ren-shen",
                    "10": "gui-you",
                    "11": "jia-xu",
                    "12": "yi-hai",
                    "13": "bing-zi",
                    "14": "ding-chou",
                    "15": "wu-yin",
                    "16": "ji-mao",
                    "17": "geng-chen",
                    "18": "xin-si",
                    "19": "ren-wu",
                    "20": "gui-wei",
                    "21": "jia-shen",
                    "22": "yi-you",
                    "23": "bing-xu",
                    "24": "ding-hai",
                    "25": "wu-zi",
                    "26": "ji-chou",
                    "27": "geng-yin",
                    "28": "xin-mao",
                    "29": "ren-chen",
                    "30": "gui-si",
                    "31": "jia-wu",
                    "32": "yi-wei",
                    "33": "bing-shen",
                    "34": "ding-you",
                    "35": "wu-xu",
                    "36": "ji-hai",
                    "37": "geng-zi",
                    "38": "xin-chou",
                    "39": "ren-yin",
                    "40": "gui-mao",
                    "41": "jia-chen",
                    "42": "yi-si",
                    "43": "bing-wu",
                    "44": "ding-wei",
                    "45": "wu-shen",
                    "46": "ji-you",
                    "47": "geng-xu",
                    "48": "xin-hai",
                    "49": "ren-zi",
                    "50": "gui-chou",
                    "51": "jia-yin",
                    "52": "yi-mao",
                    "53": "bing-chen",
                    "54": "ding-si",
                    "55": "wu-wu",
                    "56": "ji-wei",
                    "57": "geng-shen",
                    "58": "xin-you",
                    "59": "ren-xu",
                    "60": "gui-hai"
                  },
                  "wide": {
                    "1": "jia-zi",
                    "2": "yi-chou",
                    "3": "bing-yin",
                    "4": "ding-mao",
                    "5": "wu-chen",
                    "6": "ji-si",
                    "7": "geng-wu",
                    "8": "xin-wei",
                    "9": "ren-shen",
                    "10": "gui-you",
                    "11": "jia-xu",
                    "12": "yi-hai",
                    "13": "bing-zi",
                    "14": "ding-chou",
                    "15": "wu-yin",
                    "16": "ji-mao",
                    "17": "geng-chen",
                    "18": "xin-si",
                    "19": "ren-wu",
                    "20": "gui-wei",
                    "21": "jia-shen",
                    "22": "yi-you",
                    "23": "bing-xu",
                    "24": "ding-hai",
                    "25": "wu-zi",
                    "26": "ji-chou",
                    "27": "geng-yin",
                    "28": "xin-mao",
                    "29": "ren-chen",
                    "30": "gui-si",
                    "31": "jia-wu",
                    "32": "yi-wei",
                    "33": "bing-shen",
                    "34": "ding-you",
                    "35": "wu-xu",
                    "36": "ji-hai",
                    "37": "geng-zi",
                    "38": "xin-chou",
                    "39": "ren-yin",
                    "40": "gui-mao",
                    "41": "jia-chen",
                    "42": "yi-si",
                    "43": "bing-wu",
                    "44": "ding-wei",
                    "45": "wu-shen",
                    "46": "ji-you",
                    "47": "geng-xu",
                    "48": "xin-hai",
                    "49": "ren-zi",
                    "50": "gui-chou",
                    "51": "jia-yin",
                    "52": "yi-mao",
                    "53": "bing-chen",
                    "54": "ding-si",
                    "55": "wu-wu",
                    "56": "ji-wei",
                    "57": "geng-shen",
                    "58": "xin-you",
                    "59": "ren-xu",
                    "60": "gui-hai"
                  }
                }
              },
              "years": {
                "format": {
                  "abbreviated": {
                    "1": "jia-zi",
                    "2": "yi-chou",
                    "3": "bing-yin",
                    "4": "ding-mao",
                    "5": "wu-chen",
                    "6": "ji-si",
                    "7": "geng-wu",
                    "8": "xin-wei",
                    "9": "ren-shen",
                    "10": "gui-you",
                    "11": "jia-xu",
                    "12": "yi-hai",
                    "13": "bing-zi",
                    "14": "ding-chou",
                    "15": "wu-yin",
                    "16": "ji-mao",
                    "17": "geng-chen",
                    "18": "xin-si",
                    "19": "ren-wu",
                    "20": "gui-wei",
                    "21": "jia-shen",
                    "22": "yi-you",
                    "23": "bing-xu",
                    "24": "ding-hai",
                    "25": "wu-zi",
                    "26": "ji-chou",
                    "27": "geng-yin",
                    "28": "xin-mao",
                    "29": "ren-chen",
                    "30": "gui-si",
                    "31": "jia-wu",
                    "32": "yi-wei",
                    "33": "bing-shen",
                    "34": "ding-you",
                    "35": "wu-xu",
                    "36": "ji-hai",
                    "37": "geng-zi",
                    "38": "xin-chou",
                    "39": "ren-yin",
                    "40": "gui-mao",
                    "41": "jia-chen",
                    "42": "yi-si",
                    "43": "bing-wu",
                    "44": "ding-wei",
                    "45": "wu-shen",
                    "46": "ji-you",
                    "47": "geng-xu",
                    "48": "xin-hai",
                    "49": "ren-zi",
                    "50": "gui-chou",
                    "51": "jia-yin",
                    "52": "yi-mao",
                    "53": "bing-chen",
                    "54": "ding-si",
                    "55": "wu-wu",
                    "56": "ji-wei",
                    "57": "geng-shen",
                    "58": "xin-you",
                    "59": "ren-xu",
                    "60": "gui-hai"
                  },
                  "narrow": {
                    "1": "jia-zi",
                    "2": "yi-chou",
                    "3": "bing-yin",
                    "4": "ding-mao",
                    "5": "wu-chen",
                    "6": "ji-si",
                    "7": "geng-wu",
                    "8": "xin-wei",
                    "9": "ren-shen",
                    "10": "gui-you",
                    "11": "jia-xu",
                    "12": "yi-hai",
                    "13": "bing-zi",
                    "14": "ding-chou",
                    "15": "wu-yin",
                    "16": "ji-mao",
                    "17": "geng-chen",
                    "18": "xin-si",
                    "19": "ren-wu",
                    "20": "gui-wei",
                    "21": "jia-shen",
                    "22": "yi-you",
                    "23": "bing-xu",
                    "24": "ding-hai",
                    "25": "wu-zi",
                    "26": "ji-chou",
                    "27": "geng-yin",
                    "28": "xin-mao",
                    "29": "ren-chen",
                    "30": "gui-si",
                    "31": "jia-wu",
                    "32": "yi-wei",
                    "33": "bing-shen",
                    "34": "ding-you",
                    "35": "wu-xu",
                    "36": "ji-hai",
                    "37": "geng-zi",
                    "38": "xin-chou",
                    "39": "ren-yin",
                    "40": "gui-mao",
                    "41": "jia-chen",
                    "42": "yi-si",
                    "43": "bing-wu",
                    "44": "ding-wei",
                    "45": "wu-shen",
                    "46": "ji-you",
                    "47": "geng-xu",
                    "48": "xin-hai",
                    "49": "ren-zi",
                    "50": "gui-chou",
                    "51": "jia-yin",
                    "52": "yi-mao",
                    "53": "bing-chen",
                    "54": "ding-si",
                    "55": "wu-wu",
                    "56": "ji-wei",
                    "57": "geng-shen",
                    "58": "xin-you",
                    "59": "ren-xu",
                    "60": "gui-hai"
                  },
                  "wide": {
                    "1": "jia-zi",
                    "2": "yi-chou",
                    "3": "bing-yin",
                    "4": "ding-mao",
                    "5": "wu-chen",
                    "6": "ji-si",
                    "7": "geng-wu",
                    "8": "xin-wei",
                    "9": "ren-shen",
                    "10": "gui-you",
                    "11": "jia-xu",
                    "12": "yi-hai",
                    "13": "bing-zi",
                    "14": "ding-chou",
                    "15": "wu-yin",
                    "16": "ji-mao",
                    "17": "geng-chen",
                    "18": "xin-si",
                    "19": "ren-wu",
                    "20": "gui-wei",
                    "21": "jia-shen",
                    "22": "yi-you",
                    "23": "bing-xu",
                    "24": "ding-hai",
                    "25": "wu-zi",
                    "26": "ji-chou",
                    "27": "geng-yin",
                    "28": "xin-mao",
                    "29": "ren-chen",
                    "30": "gui-si",
                    "31": "jia-wu",
                    "32": "yi-wei",
                    "33": "bing-shen",
                    "34": "ding-you",
                    "35": "wu-xu",
                    "36": "ji-hai",
                    "37": "geng-zi",
                    "38": "xin-chou",
                    "39": "ren-yin",
                    "40": "gui-mao",
                    "41": "jia-chen",
                    "42": "yi-si",
                    "43": "bing-wu",
                    "44": "ding-wei",
                    "45": "wu-shen",
                    "46": "ji-you",
                    "47": "geng-xu",
                    "48": "xin-hai",
                    "49": "ren-zi",
                    "50": "gui-chou",
                    "51": "jia-yin",
                    "52": "yi-mao",
                    "53": "bing-chen",
                    "54": "ding-si",
                    "55": "wu-wu",
                    "56": "ji-wei",
                    "57": "geng-shen",
                    "58": "xin-you",
                    "59": "ren-xu",
                    "60": "gui-hai"
                  }
                }
              },
              "zodiacs": {
                "format": {
                  "abbreviated": {
                    "1": "zi",
                    "2": "chou",
                    "3": "yin",
                    "4": "mao",
                    "5": "chen",
                    "6": "si",
                    "7": "wu",
                    "8": "wei",
                    "9": "shen",
                    "10": "you",
                    "11": "xu",
                    "12": "hai"
                  },
                  "narrow": {
                    "1": "zi",
                    "2": "chou",
                    "3": "yin",
                    "4": "mao",
                    "5": "chen",
                    "6": "si",
                    "7": "wu",
                    "8": "wei",
                    "9": "shen",
                    "10": "you",
                    "11": "xu",
                    "12": "hai"
                  },
                  "wide": {
                    "1": "zi",
                    "2": "chou",
                    "3": "yin",
                    "4": "mao",
                    "5": "chen",
                    "6": "si",
                    "7": "wu",
                    "8": "wei",
                    "9": "shen",
                    "10": "you",
                    "11": "xu",
                    "12": "hai"
                  }
                }
              }
            },
            "dateFormats": {
              "full": "EEEE, d-M-y",
              "long": "d-M-y",
              "medium": "d-M-y",
              "short": "d-M-y"
            },
            "timeFormats": {
              "full": "H:mm:ss (zzzz)",
              "long": "H:mm:ss z",
              "medium": "H:mm:ss",
              "short": "H:mm"
            },
            "dateTimeFormats": {
              "full": "{1} {0}",
              "long": "{1} {0}",
              "medium": "{1} {0}",
              "short": "{1} {0}",
              "availableFormats": {
                "d": "d",
                "Ed": "E d",
                "Gy": "y",
                "GyMMM": "M-y",
                "GyMMMd": "d-M-y",
                "GyMMMEd": "E, d-M-y",
                "h": "hh a",
                "H": "HH",
                "hm": "hh:mm a",
                "Hm": "HH:mm",
                "hms": "hh:mm:ss a",
                "Hms": "HH:mm:ss",
                "M": "L",
                "Md": "d-M",
                "MEd": "E, d-M",
                "MMM": "L",
                "MMMd": "d-M",
                "MMMEd": "E d-M",
                "ms": "mm:ss",
                "y": "y",
                "yMd": "y-MM-dd",
                "yyyy": "y",
                "yyyyM": "M-y",
                "yyyyMd": "d-M-y",
                "yyyyMEd": "E, d-M-y",
                "yyyyMMM": "M-y",
                "yyyyMMMd": "d-M-y",
                "yyyyMMMEd": "E, d-M-y",
                "yyyyMMMM": "M-y",
                "yyyyQQQ": "QQQ y",
                "yyyyQQQQ": "QQQQ y"
              },
              "appendItems": {
                "Day": "{0} ({2}: {1})",
                "Day-Of-Week": "{0} {1}",
                "Era": "{1} {0}",
                "Hour": "{0} ({2}: {1})",
                "Minute": "{0} ({2}: {1})",
                "Month": "{0} ({2}: {1})",
                "Quarter": "{0} ({2}: {1})",
                "Second": "{0} ({2}: {1})",
                "Timezone": "{0} {1}",
                "Week": "{0} ({2}: {1})",
                "Year": "{1} {0}"
              },
              "intervalFormats": {
                "intervalFormatFallback": "{0} – {1}",
                "d": {
                  "d": "d–d"
                },
                "h": {
                  "a": "h a – h a",
                  "h": "h–h a"
                },
                "H": {
                  "H": "HH–HH"
                },
                "hm": {
                  "a": "h:mm a – h:mm a",
                  "h": "h:mm–h:mm a",
                  "m": "h:mm–h:mm a"
                },
                "Hm": {
                  "H": "HH:mm–HH:mm",
                  "m": "HH:mm–HH:mm"
                },
                "hmv": {
                  "a": "h:mm a – h:mm a v",
                  "h": "h:mm–h:mm a v",
                  "m": "h:mm–h:mm a v"
                },
                "Hmv": {
                  "H": "HH:mm–HH:mm v",
                  "m": "HH:mm–HH:mm v"
                },
                "hv": {
                  "a": "h a – h a v",
                  "h": "h–h a v"
                },
                "Hv": {
                  "H": "HH–HH v"
                },
                "M": {
                  "M": "MM–MM"
                },
                "Md": {
                  "d": "MM-dd – MM-dd",
                  "M": "MM-dd – MM-dd"
                },
                "MEd": {
                  "d": "MM-dd, E – MM-dd, E",
                  "M": "MM-dd, E – MM-dd, E"
                },
                "MMM": {
                  "M": "LLL–LLL"
                },
                "MMMd": {
                  "d": "MMM d–d",
                  "M": "MMM d – MMM d"
                },
                "MMMEd": {
                  "d": "MMM d, E – MMM d, E",
                  "M": "MMM d, E – MMM d, E"
                },
                "y": {
                  "y": "U–U"
                },
                "yM": {
                  "M": "y-MM – y-MM",
                  "y": "y-MM – y-MM"
                },
                "yMd": {
                  "d": "y-MM-dd – y-MM-dd",
                  "M": "y-MM-dd – y-MM-dd",
                  "y": "y-MM-dd – y-MM-dd"
                },
                "yMEd": {
                  "d": "y-MM-dd, E – y-MM-dd, E",
                  "M": "y-MM-dd, E – y-MM-dd, E",
                  "y": "y-MM-dd, E – y-MM-dd, E"
                },
                "yMMM": {
                  "M": "U MMM–MMM",
                  "y": "U MMM – U MMM"
                },
                "yMMMd": {
                  "d": "U MMM d–d",
                  "M": "U MMM d – MMM d",
                  "y": "U MMM d – U MMM d"
                },
                "yMMMEd": {
                  "d": "U MMM d, E – MMM d, E",
                  "M": "U MMM d, E – MMM d, E",
                  "y": "U MMM d, E – U MMM d, E"
                },
                "yMMMM": {
                  "M": "U MMMM–MMMM",
                  "y": "U MMMM – U MMMM"
                }
              }
            }
          }
        }
      }
    }
  }
}
