{
  "main": {
    "es": {
      "identity": {
        "version": {
          "_cldrVersion": "24",
          "_number": "$Revision: 9287 $"
        },
        "generation": {
          "_date": "$Date: 2013-08-28 21:32:04 -0500 (Wed, 28 Aug 2013) $"
        },
        "language": "es"
      },
      "localeDisplayNames": {
        "localeDisplayPattern": {
          "localePattern": "{0} ({1})",
          "localeSeparator": "{0}, {1}",
          "localeKeyTypePattern": "{0}: {1}"
        },
        "keys": {
          "calendar": "calendario",
          "colAlternate": "Orden ignorando símbolos",
          "colBackwards": "Orden de acentos con inversión",
          "colCaseFirst": "Orden de mayúsculas/minúsculas",
          "colCaseLevel": "Orden con distinción entre mayúsculas y minúsculas",
          "colHiraganaQuaternary": "Orden de kana",
          "collation": "orden",
          "colNormalization": "Orden con normalización",
          "colNumeric": "Orden numérico",
          "colStrength": "Intensidad de orden",
          "currency": "moneda",
          "numbers": "números",
          "timezone": "Zona horaria",
          "va": "Variante local",
          "variableTop": "Ordenar como símbolos",
          "x": "Uso privado"
        },
        "types": {
          "calendar": {
            "buddhist": "calendario budista",
            "chinese": "calendario chino",
            "coptic": "calendario copto",
            "dangi": "dangi",
            "ethiopic": "calendario etíope",
            "ethiopic-amete-alem": "calendario amete alem etíope",
            "gregorian": "calendario gregoriano",
            "hebrew": "calendario hebreo",
            "indian": "calendario nacional hindú",
            "islamic": "calendario islámico",
            "islamic-civil": "calendario civil islámico",
            "islamic-rgsa": "islamic-rgsa",
            "islamic-tbla": "islamic-tbla",
            "islamic-umalqura": "islamic-umalqura",
            "iso8601": "iso8601",
            "japanese": "calendario japonés",
            "persian": "calendario persa",
            "roc": "calendario de la República de China"
          },
          "collation": {
            "standard": "orden estándar",
            "traditional": "orden tradicional",
            "big5han": "orden del chino tradicional - Big5",
            "dictionary": "orden de diccionario",
            "ducet": "orden Unicode predeterminado",
            "eor": "eor",
            "gb2312han": "orden del chino simplificado - GB2312",
            "phonebook": "orden de listín telefónico",
            "phonetic": "Orden de clasificación fonético",
            "pinyin": "orden pinyin",
            "reformed": "orden reformado",
            "search": "búsqueda de uso general",
            "searchjl": "Buscar por consonante inicial de hangul",
            "stroke": "orden de los trazos",
            "unihan": "orden por radical-trazos",
            "zhuyin": "zhuyin"
          },
          "numbers": {
            "native": "Dígitos nativos",
            "traditional": "Números tradicionales",
            "finance": "Números financieros",
            "arab": "dígitos indoarábigos",
            "arabext": "dígitos indoarábigos extendidos",
            "armn": "números en armenio",
            "armnlow": "números en minúscula en armenio",
            "bali": "bali",
            "beng": "dígitos en bengalí",
            "brah": "brah",
            "cakm": "cakm",
            "cham": "cham",
            "deva": "dígitos en devanagari",
            "ethi": "números en etíope",
            "fullwide": "dígitos de ancho completo",
            "geor": "números en georgiano",
            "grek": "números en griego",
            "greklow": "números en griego en minúscula",
            "gujr": "dígitos en gujarati",
            "guru": "dígitos en gurmuji",
            "hanidec": "números decimales en chino",
            "hans": "números en chino simplificado",
            "hansfin": "números financieros en chino simplificado",
            "hant": "números en chino tradicional",
            "hantfin": "números financieros en chino tradicional",
            "hebr": "números en hebreo",
            "java": "java",
            "jpan": "números en japonés",
            "jpanfin": "números financieros en japonés",
            "kali": "kali",
            "khmr": "dígitos en jemer",
            "knda": "dígitos en kannada",
            "lana": "lana",
            "lanatham": "lanatham",
            "laoo": "dígitos en lao",
            "latn": "dígitos occidentales",
            "lepc": "lepc",
            "limb": "limb",
            "mlym": "dígitos en malayalam",
            "mong": "dígitos en mongol",
            "mtei": "mtei",
            "mymr": "dígitos en birmano",
            "mymrshan": "mymrshan",
            "nkoo": "nkoo",
            "olck": "olck",
            "orya": "dígitos en oriya",
            "osma": "osma",
            "roman": "números romanos",
            "romanlow": "números romanos en minúscula",
            "saur": "saur",
            "shrd": "shrd",
            "sora": "sora",
            "sund": "sund",
            "takr": "takr",
            "talu": "talu",
            "taml": "números en tamil tradicional",
            "tamldec": "dígitos en tamil",
            "telu": "dígitos en telugu",
            "thai": "dígitos en tailandés",
            "tibt": "dígitos en tibetano",
            "vaii": "Dígitos vai"
          },
          "colAlternate": {
            "non-ignorable": "Ordenar símbolos",
            "shifted": "Ordenar ignorando símbolos"
          },
          "colBackwards": {
            "no": "Ordenar acentos normalmente",
            "yes": "Ordenar acentos con inversión"
          },
          "colCaseFirst": {
            "lower": "Ordenar empezando por minúsculas",
            "no": "Ordenar siguiendo orden normal de mayúsculas y minúsculas",
            "upper": "Ordenar empezando por mayúsculas"
          },
          "colCaseLevel": {
            "no": "Ordenar sin distinguir entre mayúsculas y minúsculas",
            "yes": "Ordenar distinguiendo entre mayúsculas y minúsculas"
          },
          "colHiraganaQuaternary": {
            "no": "Ordenar caracteres kana por separado",
            "yes": "Ordenar diferenciando caracteres kana"
          },
          "colNormalization": {
            "no": "Ordenar sin normalización",
            "yes": "Ordenar con normalización Unicode"
          },
          "colNumeric": {
            "no": "Ordenar dígitos individualmente",
            "yes": "Ordenar dígitos numéricamente"
          },
          "colStrength": {
            "identical": "Ordenar todo",
            "primary": "Ordenar solo letras base",
            "quaternary": "Ordenar acentos/mayúsculas y minúsculas/ancho/kana",
            "secondary": "Ordenar acentos",
            "tertiary": "Ordenar acentos/mayúsculas y minúsculas/ancho"
          }
        },
        "codePatterns": {
          "language": "Idioma: {0}",
          "script": "Dialecto: {0}",
          "territory": "Región: {0}"
        }
      }
    }
  }
}
