{
  "main": {
    "es": {
      "identity": {
        "version": {
          "_cldrVersion": "24",
          "_number": "$Revision: 9287 $"
        },
        "generation": {
          "_date": "$Date: 2013-08-28 21:32:04 -0500 (Wed, 28 Aug 2013) $"
        },
        "language": "es"
      },
      "dates": {
        "timeZoneNames": {
          "hourFormat": "+HH:mm;-HH:mm",
          "gmtFormat": "GMT{0}",
          "gmtZeroFormat": "GMT",
          "regionFormat": "Hora de {0}",
          "regionFormat-type-daylight": "horario de verano de {0}",
          "regionFormat-type-standard": "horario estándar de {0}",
          "fallbackFormat": "{1} ({0})",
          "zone": {
            "America": {
              "Adak": {
                "exemplarCity": "Adak"
              },
              "Anchorage": {
                "exemplarCity": "Anchorage"
              },
              "Anguilla": {
                "exemplarCity": "Anguila"
              },
              "Antigua": {
                "exemplarCity": "Antigua"
              },
              "Araguaina": {
                "exemplarCity": "Araguaína"
              },
              "Argentina": {
                "Rio_Gallegos": {
                  "exemplarCity": "Río Gallegos"
                },
                "San_Juan": {
                  "exemplarCity": "San Juan"
                },
                "Ushuaia": {
                  "exemplarCity": "Ushuaia"
                },
                "La_Rioja": {
                  "exemplarCity": "La Rioja"
                },
                "San_Luis": {
                  "exemplarCity": "San Luis"
                },
                "Salta": {
                  "exemplarCity": "Salta"
                },
                "Tucuman": {
                  "exemplarCity": "Tucumán"
                }
              },
              "Aruba": {
                "exemplarCity": "Aruba"
              },
              "Asuncion": {
                "exemplarCity": "Asunción"
              },
              "Bahia": {
                "exemplarCity": "Bahía"
              },
              "Bahia_Banderas": {
                "exemplarCity": "Bahía de Banderas"
              },
              "Barbados": {
                "exemplarCity": "Barbados"
              },
              "Belem": {
                "exemplarCity": "Belén"
              },
              "Belize": {
                "exemplarCity": "Belice"
              },
              "Blanc-Sablon": {
                "exemplarCity": "Blanc-Sablon"
              },
              "Boa_Vista": {
                "exemplarCity": "Boa Vista"
              },
              "Bogota": {
                "exemplarCity": "Bogotá"
              },
              "Boise": {
                "exemplarCity": "Boise"
              },
              "Buenos_Aires": {
                "exemplarCity": "Buenos Aires"
              },
              "Cambridge_Bay": {
                "exemplarCity": "Cambridge Bay"
              },
              "Campo_Grande": {
                "exemplarCity": "Campo Grande"
              },
              "Cancun": {
                "exemplarCity": "Cancún"
              },
              "Caracas": {
                "exemplarCity": "Caracas"
              },
              "Catamarca": {
                "exemplarCity": "Catamarca"
              },
              "Cayenne": {
                "exemplarCity": "Cayena"
              },
              "Cayman": {
                "exemplarCity": "Caimán"
              },
              "Chicago": {
                "exemplarCity": "Chicago"
              },
              "Chihuahua": {
                "exemplarCity": "Chihuahua"
              },
              "Coral_Harbour": {
                "exemplarCity": "Atikokan"
              },
              "Cordoba": {
                "exemplarCity": "Córdoba"
              },
              "Costa_Rica": {
                "exemplarCity": "Costa Rica"
              },
              "Creston": {
                "exemplarCity": "Creston"
              },
              "Cuiaba": {
                "exemplarCity": "Cuiabá"
              },
              "Curacao": {
                "exemplarCity": "Curazao"
              },
              "Danmarkshavn": {
                "exemplarCity": "Danmarkshavn"
              },
              "Dawson": {
                "exemplarCity": "Dawson"
              },
              "Dawson_Creek": {
                "exemplarCity": "Dawson Creek"
              },
              "Denver": {
                "exemplarCity": "Denver"
              },
              "Detroit": {
                "exemplarCity": "Detroit"
              },
              "Dominica": {
                "exemplarCity": "Dominica"
              },
              "Edmonton": {
                "exemplarCity": "Edmonton"
              },
              "Eirunepe": {
                "exemplarCity": "Eirunepé"
              },
              "El_Salvador": {
                "exemplarCity": "El Salvador"
              },
              "Fortaleza": {
                "exemplarCity": "Fortaleza"
              },
              "Glace_Bay": {
                "exemplarCity": "Glace Bay"
              },
              "Godthab": {
                "exemplarCity": "Nuuk"
              },
              "Goose_Bay": {
                "exemplarCity": "Goose Bay"
              },
              "Grand_Turk": {
                "exemplarCity": "Grand Turk"
              },
              "Grenada": {
                "exemplarCity": "Granada"
              },
              "Guadeloupe": {
                "exemplarCity": "Guadalupe"
              },
              "Guatemala": {
                "exemplarCity": "Guatemala"
              },
              "Guayaquil": {
                "exemplarCity": "Guayaquil"
              },
              "Guyana": {
                "exemplarCity": "Guyana"
              },
              "Halifax": {
                "exemplarCity": "Halifax"
              },
              "Havana": {
                "exemplarCity": "La Habana"
              },
              "Hermosillo": {
                "exemplarCity": "Hermosillo"
              },
              "Indiana": {
                "Vincennes": {
                  "exemplarCity": "Vincennes, Indiana"
                },
                "Petersburg": {
                  "exemplarCity": "Petersburg, Indiana"
                },
                "Tell_City": {
                  "exemplarCity": "Tell City, Indiana"
                },
                "Knox": {
                  "exemplarCity": "Knox, Indiana"
                },
                "Winamac": {
                  "exemplarCity": "Winamac, Indiana"
                },
                "Marengo": {
                  "exemplarCity": "Marengo, Indiana"
                },
                "Vevay": {
                  "exemplarCity": "Vevay, Indiana"
                }
              },
              "Indianapolis": {
                "exemplarCity": "Indianápolis"
              },
              "Inuvik": {
                "exemplarCity": "Inuvik"
              },
              "Iqaluit": {
                "exemplarCity": "Iqaluit"
              },
              "Jamaica": {
                "exemplarCity": "Jamaica"
              },
              "Jujuy": {
                "exemplarCity": "Jujuy"
              },
              "Juneau": {
                "exemplarCity": "Juneau"
              },
              "Kentucky": {
                "Monticello": {
                  "exemplarCity": "Monticello, Kentucky"
                }
              },
              "Kralendijk": {
                "exemplarCity": "Kralendijk"
              },
              "La_Paz": {
                "exemplarCity": "La Paz"
              },
              "Lima": {
                "exemplarCity": "Lima"
              },
              "Los_Angeles": {
                "exemplarCity": "Los Ángeles"
              },
              "Louisville": {
                "exemplarCity": "Louisville"
              },
              "Lower_Princes": {
                "exemplarCity": "Lower Prince's Quarter"
              },
              "Maceio": {
                "exemplarCity": "Maceió"
              },
              "Managua": {
                "exemplarCity": "Managua"
              },
              "Manaus": {
                "exemplarCity": "Manaos"
              },
              "Marigot": {
                "exemplarCity": "Marigot"
              },
              "Martinique": {
                "exemplarCity": "Martinica"
              },
              "Matamoros": {
                "exemplarCity": "Matamoros"
              },
              "Mazatlan": {
                "exemplarCity": "Mazatlán"
              },
              "Mendoza": {
                "exemplarCity": "Mendoza"
              },
              "Menominee": {
                "exemplarCity": "Menominee"
              },
              "Merida": {
                "exemplarCity": "Mérida"
              },
              "Metlakatla": {
                "exemplarCity": "Metlakatla"
              },
              "Mexico_City": {
                "exemplarCity": "Ciudad de México"
              },
              "Miquelon": {
                "exemplarCity": "Miquelón"
              },
              "Moncton": {
                "exemplarCity": "Moncton"
              },
              "Monterrey": {
                "exemplarCity": "Monterrey"
              },
              "Montevideo": {
                "exemplarCity": "Montevideo"
              },
              "Montreal": {
                "exemplarCity": "Montreal"
              },
              "Montserrat": {
                "exemplarCity": "Montserrat"
              },
              "Nassau": {
                "exemplarCity": "Nassau"
              },
              "New_York": {
                "exemplarCity": "Nueva York"
              },
              "Nipigon": {
                "exemplarCity": "Nipigon"
              },
              "Nome": {
                "exemplarCity": "Nome"
              },
              "Noronha": {
                "exemplarCity": "Noronha"
              },
              "North_Dakota": {
                "Beulah": {
                  "exemplarCity": "Beulah, Dakota del Norte"
                },
                "New_Salem": {
                  "exemplarCity": "New Salem, Dakota del Norte"
                },
                "Center": {
                  "exemplarCity": "Centro"
                }
              },
              "Ojinaga": {
                "exemplarCity": "Ojinaga"
              },
              "Panama": {
                "exemplarCity": "Panamá"
              },
              "Pangnirtung": {
                "exemplarCity": "Pangnirtung"
              },
              "Paramaribo": {
                "exemplarCity": "Paramaribo"
              },
              "Phoenix": {
                "exemplarCity": "Phoenix"
              },
              "Port-au-Prince": {
                "exemplarCity": "Puerto Príncipe"
              },
              "Port_of_Spain": {
                "exemplarCity": "Puerto España"
              },
              "Porto_Velho": {
                "exemplarCity": "Porto Velho"
              },
              "Puerto_Rico": {
                "exemplarCity": "Puerto Rico"
              },
              "Rainy_River": {
                "exemplarCity": "Rainy River"
              },
              "Rankin_Inlet": {
                "exemplarCity": "Rankin Inlet"
              },
              "Recife": {
                "exemplarCity": "Recife"
              },
              "Regina": {
                "exemplarCity": "Regina"
              },
              "Resolute": {
                "exemplarCity": "Resolute"
              },
              "Rio_Branco": {
                "exemplarCity": "Río Branco"
              },
              "Santa_Isabel": {
                "exemplarCity": "Santa Isabel"
              },
              "Santarem": {
                "exemplarCity": "Santarém"
              },
              "Santiago": {
                "exemplarCity": "Santiago"
              },
              "Santo_Domingo": {
                "exemplarCity": "Santo Domingo"
              },
              "Sao_Paulo": {
                "exemplarCity": "São Paulo"
              },
              "Scoresbysund": {
                "exemplarCity": "Ittoqqortoormiit"
              },
              "Shiprock": {
                "exemplarCity": "Shiprock"
              },
              "Sitka": {
                "exemplarCity": "Sitka"
              },
              "St_Barthelemy": {
                "exemplarCity": "San Bartolomé"
              },
              "St_Johns": {
                "exemplarCity": "St. John’s"
              },
              "St_Kitts": {
                "exemplarCity": "St. Kitts"
              },
              "St_Lucia": {
                "exemplarCity": "Santa Lucía"
              },
              "St_Thomas": {
                "exemplarCity": "St. Thomas"
              },
              "St_Vincent": {
                "exemplarCity": "San Vicente"
              },
              "Swift_Current": {
                "exemplarCity": "Swift Current"
              },
              "Tegucigalpa": {
                "exemplarCity": "Tegucigalpa"
              },
              "Thule": {
                "exemplarCity": "Thule"
              },
              "Thunder_Bay": {
                "exemplarCity": "Thunder Bay"
              },
              "Tijuana": {
                "exemplarCity": "Tijuana"
              },
              "Toronto": {
                "exemplarCity": "Toronto"
              },
              "Tortola": {
                "exemplarCity": "Tórtola"
              },
              "Vancouver": {
                "exemplarCity": "Vancouver"
              },
              "Whitehorse": {
                "exemplarCity": "Whitehorse"
              },
              "Winnipeg": {
                "exemplarCity": "Winnipeg"
              },
              "Yakutat": {
                "exemplarCity": "Yakutat"
              },
              "Yellowknife": {
                "exemplarCity": "Yellowknife"
              }
            },
            "Atlantic": {
              "Azores": {
                "exemplarCity": "Azores"
              },
              "Bermuda": {
                "exemplarCity": "Bermudas"
              },
              "Canary": {
                "exemplarCity": "Islas Canarias"
              },
              "Cape_Verde": {
                "exemplarCity": "Cabo Verde"
              },
              "Faeroe": {
                "exemplarCity": "Islas Feroe"
              },
              "Madeira": {
                "exemplarCity": "Madeira"
              },
              "Reykjavik": {
                "exemplarCity": "Reikiavik"
              },
              "South_Georgia": {
                "exemplarCity": "Georgia del Sur"
              },
              "St_Helena": {
                "exemplarCity": "Santa Helena"
              },
              "Stanley": {
                "exemplarCity": "Stanley"
              }
            },
            "Europe": {
              "Amsterdam": {
                "exemplarCity": "Ámsterdam"
              },
              "Andorra": {
                "exemplarCity": "Andorra"
              },
              "Athens": {
                "exemplarCity": "Atenas"
              },
              "Belgrade": {
                "exemplarCity": "Belgrado"
              },
              "Berlin": {
                "exemplarCity": "Berlín"
              },
              "Bratislava": {
                "exemplarCity": "Bratislava"
              },
              "Brussels": {
                "exemplarCity": "Bruselas"
              },
              "Bucharest": {
                "exemplarCity": "Bucarest"
              },
              "Budapest": {
                "exemplarCity": "Budapest"
              },
              "Busingen": {
                "exemplarCity": "Busingen"
              },
              "Chisinau": {
                "exemplarCity": "Chisinau"
              },
              "Copenhagen": {
                "exemplarCity": "Copenhague"
              },
              "Dublin": {
                "long": {
                  "daylight": "Hora de verano de Irlanda"
                },
                "exemplarCity": "Dublín"
              },
              "Gibraltar": {
                "exemplarCity": "Gibraltar"
              },
              "Guernsey": {
                "exemplarCity": "Guernsey"
              },
              "Helsinki": {
                "exemplarCity": "Helsinki"
              },
              "Isle_of_Man": {
                "exemplarCity": "Isla de Man"
              },
              "Istanbul": {
                "exemplarCity": "Estambul"
              },
              "Jersey": {
                "exemplarCity": "Jersey"
              },
              "Kaliningrad": {
                "exemplarCity": "Kaliningrado"
              },
              "Kiev": {
                "exemplarCity": "Kiev"
              },
              "Lisbon": {
                "exemplarCity": "Lisboa"
              },
              "Ljubljana": {
                "exemplarCity": "Liubliana"
              },
              "London": {
                "long": {
                  "daylight": "Hora de verano británica"
                },
                "exemplarCity": "Londres"
              },
              "Luxembourg": {
                "exemplarCity": "Luxemburgo"
              },
              "Madrid": {
                "exemplarCity": "Madrid"
              },
              "Malta": {
                "exemplarCity": "Malta"
              },
              "Mariehamn": {
                "exemplarCity": "Mariehamn"
              },
              "Minsk": {
                "exemplarCity": "Minsk"
              },
              "Monaco": {
                "exemplarCity": "Mónaco"
              },
              "Moscow": {
                "exemplarCity": "Moscú"
              },
              "Oslo": {
                "exemplarCity": "Oslo"
              },
              "Paris": {
                "exemplarCity": "París"
              },
              "Podgorica": {
                "exemplarCity": "Podgorica"
              },
              "Prague": {
                "exemplarCity": "Praga"
              },
              "Riga": {
                "exemplarCity": "Riga"
              },
              "Rome": {
                "exemplarCity": "Roma"
              },
              "Samara": {
                "exemplarCity": "Samara"
              },
              "San_Marino": {
                "exemplarCity": "San Marino"
              },
              "Sarajevo": {
                "exemplarCity": "Sarajevo"
              },
              "Simferopol": {
                "exemplarCity": "Simferopol"
              },
              "Skopje": {
                "exemplarCity": "Skopie"
              },
              "Sofia": {
                "exemplarCity": "Sofía"
              },
              "Stockholm": {
                "exemplarCity": "Estocolmo"
              },
              "Tallinn": {
                "exemplarCity": "Tallin"
              },
              "Tirane": {
                "exemplarCity": "Tirana"
              },
              "Uzhgorod": {
                "exemplarCity": "Uzhgorod"
              },
              "Vaduz": {
                "exemplarCity": "Vaduz"
              },
              "Vatican": {
                "exemplarCity": "El Vaticano"
              },
              "Vienna": {
                "exemplarCity": "Viena"
              },
              "Vilnius": {
                "exemplarCity": "Vilna"
              },
              "Volgograd": {
                "exemplarCity": "Volgogrado"
              },
              "Warsaw": {
                "exemplarCity": "Varsovia"
              },
              "Zagreb": {
                "exemplarCity": "Zagreb"
              },
              "Zaporozhye": {
                "exemplarCity": "Zaporizhia"
              },
              "Zurich": {
                "exemplarCity": "Zúrich"
              }
            },
            "Africa": {
              "Abidjan": {
                "exemplarCity": "Abiyán"
              },
              "Accra": {
                "exemplarCity": "Accra"
              },
              "Addis_Ababa": {
                "exemplarCity": "Addis Abeba"
              },
              "Algiers": {
                "exemplarCity": "Argel"
              },
              "Asmera": {
                "exemplarCity": "Asmara"
              },
              "Bamako": {
                "exemplarCity": "Bamako"
              },
              "Bangui": {
                "exemplarCity": "Bangui"
              },
              "Banjul": {
                "exemplarCity": "Banjul"
              },
              "Bissau": {
                "exemplarCity": "Bisáu"
              },
              "Blantyre": {
                "exemplarCity": "Blantyre"
              },
              "Brazzaville": {
                "exemplarCity": "Brazzaville"
              },
              "Bujumbura": {
                "exemplarCity": "Bujumbura"
              },
              "Cairo": {
                "exemplarCity": "El Cairo"
              },
              "Casablanca": {
                "exemplarCity": "Casablanca"
              },
              "Ceuta": {
                "exemplarCity": "Ceuta"
              },
              "Conakry": {
                "exemplarCity": "Conakry"
              },
              "Dakar": {
                "exemplarCity": "Dakar"
              },
              "Dar_es_Salaam": {
                "exemplarCity": "Dar es Salaam"
              },
              "Djibouti": {
                "exemplarCity": "Yibuti"
              },
              "Douala": {
                "exemplarCity": "Duala"
              },
              "El_Aaiun": {
                "exemplarCity": "El Aaiún"
              },
              "Freetown": {
                "exemplarCity": "Freetown"
              },
              "Gaborone": {
                "exemplarCity": "Gaborone"
              },
              "Harare": {
                "exemplarCity": "Harare"
              },
              "Johannesburg": {
                "exemplarCity": "Johannesburgo"
              },
              "Juba": {
                "exemplarCity": "Juba"
              },
              "Kampala": {
                "exemplarCity": "Kampala"
              },
              "Khartoum": {
                "exemplarCity": "Jartún"
              },
              "Kigali": {
                "exemplarCity": "Kigali"
              },
              "Kinshasa": {
                "exemplarCity": "Kinshasa"
              },
              "Lagos": {
                "exemplarCity": "Lagos"
              },
              "Libreville": {
                "exemplarCity": "Libreville"
              },
              "Lome": {
                "exemplarCity": "Lomé"
              },
              "Luanda": {
                "exemplarCity": "Luanda"
              },
              "Lubumbashi": {
                "exemplarCity": "Lubumbashi"
              },
              "Lusaka": {
                "exemplarCity": "Lusaka"
              },
              "Malabo": {
                "exemplarCity": "Malabo"
              },
              "Maputo": {
                "exemplarCity": "Maputo"
              },
              "Maseru": {
                "exemplarCity": "Maseru"
              },
              "Mbabane": {
                "exemplarCity": "Mbabane"
              },
              "Mogadishu": {
                "exemplarCity": "Mogadiscio"
              },
              "Monrovia": {
                "exemplarCity": "Monrovia"
              },
              "Nairobi": {
                "exemplarCity": "Nairobi"
              },
              "Ndjamena": {
                "exemplarCity": "Yamena"
              },
              "Niamey": {
                "exemplarCity": "Niamey"
              },
              "Nouakchott": {
                "exemplarCity": "Nuakchot"
              },
              "Ouagadougou": {
                "exemplarCity": "Uagadugú"
              },
              "Porto-Novo": {
                "exemplarCity": "Portonovo"
              },
              "Sao_Tome": {
                "exemplarCity": "Santo Tomé"
              },
              "Tripoli": {
                "exemplarCity": "Trípoli"
              },
              "Tunis": {
                "exemplarCity": "Túnez capital"
              },
              "Windhoek": {
                "exemplarCity": "Windhoek"
              }
            },
            "Asia": {
              "Aden": {
                "exemplarCity": "Adén"
              },
              "Almaty": {
                "exemplarCity": "Almaty"
              },
              "Amman": {
                "exemplarCity": "Ammán"
              },
              "Anadyr": {
                "exemplarCity": "Anadyr"
              },
              "Aqtau": {
                "exemplarCity": "Aktau"
              },
              "Aqtobe": {
                "exemplarCity": "Aktobe"
              },
              "Ashgabat": {
                "exemplarCity": "Asjabad"
              },
              "Baghdad": {
                "exemplarCity": "Bagdad"
              },
              "Bahrain": {
                "exemplarCity": "Baréin"
              },
              "Baku": {
                "exemplarCity": "Bakú"
              },
              "Bangkok": {
                "exemplarCity": "Bangkok"
              },
              "Beirut": {
                "exemplarCity": "Beirut"
              },
              "Bishkek": {
                "exemplarCity": "Bishkek"
              },
              "Brunei": {
                "exemplarCity": "Brunéi"
              },
              "Calcutta": {
                "exemplarCity": "Calcuta"
              },
              "Choibalsan": {
                "exemplarCity": "Choibalsan"
              },
              "Chongqing": {
                "exemplarCity": "Chongqing"
              },
              "Colombo": {
                "exemplarCity": "Colombo"
              },
              "Damascus": {
                "exemplarCity": "Damasco"
              },
              "Dhaka": {
                "exemplarCity": "Dacca"
              },
              "Dili": {
                "exemplarCity": "Dili"
              },
              "Dubai": {
                "exemplarCity": "Dubái"
              },
              "Dushanbe": {
                "exemplarCity": "Duchanbé"
              },
              "Gaza": {
                "exemplarCity": "Gaza"
              },
              "Harbin": {
                "exemplarCity": "Harbin"
              },
              "Hebron": {
                "exemplarCity": "Hebrón"
              },
              "Hong_Kong": {
                "exemplarCity": "Hong Kong"
              },
              "Hovd": {
                "exemplarCity": "Hovd"
              },
              "Irkutsk": {
                "exemplarCity": "Irkutsk"
              },
              "Jakarta": {
                "exemplarCity": "Yakarta"
              },
              "Jayapura": {
                "exemplarCity": "Jayapura"
              },
              "Jerusalem": {
                "exemplarCity": "Jerusalén"
              },
              "Kabul": {
                "exemplarCity": "Kabul"
              },
              "Kamchatka": {
                "exemplarCity": "Kamchatka"
              },
              "Karachi": {
                "exemplarCity": "Karachi"
              },
              "Kashgar": {
                "exemplarCity": "Kashgar"
              },
              "Katmandu": {
                "exemplarCity": "Katmandú"
              },
              "Khandyga": {
                "exemplarCity": "Khandyga"
              },
              "Krasnoyarsk": {
                "exemplarCity": "Krasnoyarsk"
              },
              "Kuala_Lumpur": {
                "exemplarCity": "Kuala Lumpur"
              },
              "Kuching": {
                "exemplarCity": "Kuching"
              },
              "Kuwait": {
                "exemplarCity": "Kuwait"
              },
              "Macau": {
                "exemplarCity": "Macao"
              },
              "Magadan": {
                "exemplarCity": "Magadán"
              },
              "Makassar": {
                "exemplarCity": "Makasar"
              },
              "Manila": {
                "exemplarCity": "Manila"
              },
              "Muscat": {
                "exemplarCity": "Mascate"
              },
              "Nicosia": {
                "exemplarCity": "Nicosia"
              },
              "Novokuznetsk": {
                "exemplarCity": "Novokuznetsk"
              },
              "Novosibirsk": {
                "exemplarCity": "Novosibirsk"
              },
              "Omsk": {
                "exemplarCity": "Omsk"
              },
              "Oral": {
                "exemplarCity": "Oral"
              },
              "Phnom_Penh": {
                "exemplarCity": "Phnom Penh"
              },
              "Pontianak": {
                "exemplarCity": "Pontianak"
              },
              "Pyongyang": {
                "exemplarCity": "Pyongyang"
              },
              "Qatar": {
                "exemplarCity": "Catar"
              },
              "Qyzylorda": {
                "exemplarCity": "Qyzylorda"
              },
              "Rangoon": {
                "exemplarCity": "Rangún"
              },
              "Riyadh": {
                "exemplarCity": "Riad"
              },
              "Saigon": {
                "exemplarCity": "Ciudad Ho Chi Minh"
              },
              "Sakhalin": {
                "exemplarCity": "Sajalín"
              },
              "Samarkand": {
                "exemplarCity": "Samarcanda"
              },
              "Seoul": {
                "exemplarCity": "Seúl"
              },
              "Shanghai": {
                "exemplarCity": "Shanghái"
              },
              "Singapore": {
                "exemplarCity": "Singapur"
              },
              "Taipei": {
                "exemplarCity": "Taipéi"
              },
              "Tashkent": {
                "exemplarCity": "Tashkent"
              },
              "Tbilisi": {
                "exemplarCity": "Tiflis"
              },
              "Tehran": {
                "exemplarCity": "Teherán"
              },
              "Thimphu": {
                "exemplarCity": "Timbu"
              },
              "Tokyo": {
                "exemplarCity": "Tokio"
              },
              "Ulaanbaatar": {
                "exemplarCity": "Ulán Bator"
              },
              "Urumqi": {
                "exemplarCity": "Ürümqi"
              },
              "Ust-Nera": {
                "exemplarCity": "Ust-Nera"
              },
              "Vientiane": {
                "exemplarCity": "Vientián"
              },
              "Vladivostok": {
                "exemplarCity": "Vladivostok"
              },
              "Yakutsk": {
                "exemplarCity": "Yakutsk"
              },
              "Yekaterinburg": {
                "exemplarCity": "Yekaterinburgo"
              },
              "Yerevan": {
                "exemplarCity": "Ereván"
              }
            },
            "Indian": {
              "Antananarivo": {
                "exemplarCity": "Antananarivo"
              },
              "Chagos": {
                "exemplarCity": "Chagos"
              },
              "Christmas": {
                "exemplarCity": "Christmas"
              },
              "Cocos": {
                "exemplarCity": "Cocos"
              },
              "Comoro": {
                "exemplarCity": "Comoras"
              },
              "Kerguelen": {
                "exemplarCity": "Kerguelen"
              },
              "Mahe": {
                "exemplarCity": "Mahé"
              },
              "Maldives": {
                "exemplarCity": "Maldivas"
              },
              "Mauritius": {
                "exemplarCity": "Mauricio"
              },
              "Mayotte": {
                "exemplarCity": "Mayotte"
              },
              "Reunion": {
                "exemplarCity": "Reunión"
              }
            },
            "Australia": {
              "Adelaide": {
                "exemplarCity": "Adelaida"
              },
              "Brisbane": {
                "exemplarCity": "Brisbane"
              },
              "Broken_Hill": {
                "exemplarCity": "Broken Hill"
              },
              "Currie": {
                "exemplarCity": "Currie"
              },
              "Darwin": {
                "exemplarCity": "Darwin"
              },
              "Eucla": {
                "exemplarCity": "Eucla"
              },
              "Hobart": {
                "exemplarCity": "Hobart"
              },
              "Lindeman": {
                "exemplarCity": "Lindeman"
              },
              "Lord_Howe": {
                "exemplarCity": "Lord Howe"
              },
              "Melbourne": {
                "exemplarCity": "Melbourne"
              },
              "Perth": {
                "exemplarCity": "Perth"
              },
              "Sydney": {
                "exemplarCity": "Sídney"
              }
            },
            "Pacific": {
              "Apia": {
                "exemplarCity": "Apia"
              },
              "Auckland": {
                "exemplarCity": "Auckland"
              },
              "Chatham": {
                "exemplarCity": "Chatham"
              },
              "Easter": {
                "exemplarCity": "Isla de Pascua"
              },
              "Efate": {
                "exemplarCity": "Efate"
              },
              "Enderbury": {
                "exemplarCity": "Enderbury"
              },
              "Fakaofo": {
                "exemplarCity": "Fakaofo"
              },
              "Fiji": {
                "exemplarCity": "Fiyi"
              },
              "Funafuti": {
                "exemplarCity": "Funafuti"
              },
              "Galapagos": {
                "exemplarCity": "Galápagos"
              },
              "Gambier": {
                "exemplarCity": "Gambier"
              },
              "Guadalcanal": {
                "exemplarCity": "Guadalcanal"
              },
              "Guam": {
                "exemplarCity": "Guam"
              },
              "Honolulu": {
                "exemplarCity": "Honolulú"
              },
              "Johnston": {
                "exemplarCity": "Johnston"
              },
              "Kiritimati": {
                "exemplarCity": "Kiritimati"
              },
              "Kosrae": {
                "exemplarCity": "Kosrae"
              },
              "Kwajalein": {
                "exemplarCity": "Kwajalein"
              },
              "Majuro": {
                "exemplarCity": "Majuro"
              },
              "Marquesas": {
                "exemplarCity": "Marquesas"
              },
              "Midway": {
                "exemplarCity": "Midway"
              },
              "Nauru": {
                "exemplarCity": "Nauru"
              },
              "Niue": {
                "exemplarCity": "Niue"
              },
              "Norfolk": {
                "exemplarCity": "Norfolk"
              },
              "Noumea": {
                "exemplarCity": "Numea"
              },
              "Pago_Pago": {
                "exemplarCity": "Pago Pago"
              },
              "Palau": {
                "exemplarCity": "Palaos"
              },
              "Pitcairn": {
                "exemplarCity": "Islas Pitcairn"
              },
              "Ponape": {
                "exemplarCity": "Pohnpei"
              },
              "Port_Moresby": {
                "exemplarCity": "Port Moresby"
              },
              "Rarotonga": {
                "exemplarCity": "Rarotonga"
              },
              "Saipan": {
                "exemplarCity": "Saipán"
              },
              "Tahiti": {
                "exemplarCity": "Tahití"
              },
              "Tarawa": {
                "exemplarCity": "Tarawa"
              },
              "Tongatapu": {
                "exemplarCity": "Tongatapu"
              },
              "Truk": {
                "exemplarCity": "Chuuk"
              },
              "Wake": {
                "exemplarCity": "Wake"
              },
              "Wallis": {
                "exemplarCity": "Wallis"
              }
            },
            "Arctic": {
              "Longyearbyen": {
                "exemplarCity": "Longyearbyen"
              }
            },
            "Antarctica": {
              "Casey": {
                "exemplarCity": "Casey"
              },
              "Davis": {
                "exemplarCity": "Davis"
              },
              "DumontDUrville": {
                "exemplarCity": "Dumont d'Urville"
              },
              "Macquarie": {
                "exemplarCity": "Macquarie"
              },
              "Mawson": {
                "exemplarCity": "Mawson"
              },
              "McMurdo": {
                "exemplarCity": "McMurdo"
              },
              "Palmer": {
                "exemplarCity": "Palmer"
              },
              "Rothera": {
                "exemplarCity": "Rothera"
              },
              "South_Pole": {
                "exemplarCity": "Polo Sur"
              },
              "Syowa": {
                "exemplarCity": "Syowa"
              },
              "Vostok": {
                "exemplarCity": "Vostok"
              }
            },
            "Etc": {
              "GMT": {
                "exemplarCity": "GMT"
              },
              "GMT1": {
                "exemplarCity": "GMT+1"
              },
              "GMT10": {
                "exemplarCity": "GMT+10"
              },
              "GMT11": {
                "exemplarCity": "GMT+11"
              },
              "GMT12": {
                "exemplarCity": "GMT+12"
              },
              "GMT2": {
                "exemplarCity": "GMT+2"
              },
              "GMT3": {
                "exemplarCity": "GMT+3"
              },
              "GMT4": {
                "exemplarCity": "GMT+4"
              },
              "GMT5": {
                "exemplarCity": "GMT+5"
              },
              "GMT6": {
                "exemplarCity": "GMT+6"
              },
              "GMT7": {
                "exemplarCity": "GMT+7"
              },
              "GMT8": {
                "exemplarCity": "GMT+8"
              },
              "GMT9": {
                "exemplarCity": "GMT+9"
              },
              "GMT-1": {
                "exemplarCity": "GMT-1"
              },
              "GMT-10": {
                "exemplarCity": "GMT-10"
              },
              "GMT-11": {
                "exemplarCity": "GMT-11"
              },
              "GMT-12": {
                "exemplarCity": "GMT-12"
              },
              "GMT-13": {
                "exemplarCity": "GMT-13"
              },
              "GMT-14": {
                "exemplarCity": "GMT-14"
              },
              "GMT-2": {
                "exemplarCity": "GMT-2"
              },
              "GMT-3": {
                "exemplarCity": "GMT-3"
              },
              "GMT-4": {
                "exemplarCity": "GMT-4"
              },
              "GMT-5": {
                "exemplarCity": "GMT-5"
              },
              "GMT-6": {
                "exemplarCity": "GMT-6"
              },
              "GMT-7": {
                "exemplarCity": "GMT-7"
              },
              "GMT-8": {
                "exemplarCity": "GMT-8"
              },
              "GMT-9": {
                "exemplarCity": "GMT-9"
              },
              "Unknown": {
                "exemplarCity": "Desconocida"
              }
            }
          },
          "metazone": {
            "Acre": {
              "long": {
                "generic": "Hora de Acre",
                "standard": "Hora estándar de Acre",
                "daylight": "Hora de verano de Acre"
              }
            },
            "Afghanistan": {
              "long": {
                "standard": "Hora de Afganistán"
              }
            },
            "Africa_Central": {
              "long": {
                "standard": "Hora de África central"
              }
            },
            "Africa_Eastern": {
              "long": {
                "standard": "Hora de África oriental"
              }
            },
            "Africa_Southern": {
              "long": {
                "standard": "Hora de Sudáfrica"
              }
            },
            "Africa_Western": {
              "long": {
                "generic": "Hora de África occidental",
                "standard": "Hora estándar de África occidental",
                "daylight": "Hora de verano de África occidental"
              }
            },
            "Alaska": {
              "long": {
                "generic": "Hora de Alaska",
                "standard": "Hora estándar de Alaska",
                "daylight": "Hora de verano de Alaska"
              }
            },
            "Amazon": {
              "long": {
                "generic": "Hora del Amazonas",
                "standard": "Hora estándar del Amazonas",
                "daylight": "Hora de verano del Amazonas"
              }
            },
            "America_Central": {
              "long": {
                "generic": "Hora central",
                "standard": "Hora estándar central",
                "daylight": "Hora de verano central"
              }
            },
            "America_Eastern": {
              "long": {
                "generic": "Hora oriental",
                "standard": "Hora estándar oriental",
                "daylight": "Hora de verano oriental"
              }
            },
            "America_Mountain": {
              "long": {
                "generic": "Hora de las Montañas",
                "standard": "Hora estándar de las Montañas",
                "daylight": "Hora de verano de las Montañas"
              }
            },
            "America_Pacific": {
              "long": {
                "generic": "Hora del Pacífico",
                "standard": "Hora estándar del Pacífico",
                "daylight": "Hora de verano del Pacífico"
              }
            },
            "Anadyr": {
              "long": {
                "generic": "Hora de Anadyr",
                "standard": "Hora estándar de Anadyr",
                "daylight": "Hora de verano de Anadyr"
              }
            },
            "Aqtau": {
              "long": {
                "generic": "Hora de Aktau",
                "standard": "Hora estándar de Aktau",
                "daylight": "Hora de verano de Aktau"
              }
            },
            "Aqtobe": {
              "long": {
                "generic": "Hora de Aktobe",
                "standard": "Hora estándar de Aktobe",
                "daylight": "Hora de verano de Aktobe"
              }
            },
            "Arabian": {
              "long": {
                "generic": "Hora de Arabia",
                "standard": "Hora estándar de Arabia",
                "daylight": "Hora de verano de Arabia"
              }
            },
            "Argentina": {
              "long": {
                "generic": "Hora de Argentina",
                "standard": "Hora estándar de Argentina",
                "daylight": "Hora de verano de Argentina"
              }
            },
            "Argentina_Western": {
              "long": {
                "generic": "Hora de Argentina occidental",
                "standard": "Hora estándar de Argentina occidental",
                "daylight": "Hora de verano de Argentina occidental"
              }
            },
            "Armenia": {
              "long": {
                "generic": "Hora de Armenia",
                "standard": "Hora estándar de Armenia",
                "daylight": "Hora de verano de Armenia"
              }
            },
            "Atlantic": {
              "long": {
                "generic": "Hora del Atlántico",
                "standard": "Hora estándar del Atlántico",
                "daylight": "Hora de verano del Atlántico"
              }
            },
            "Australia_Central": {
              "long": {
                "generic": "Hora de Australia central",
                "standard": "Hora estándar de Australia central",
                "daylight": "Hora de verano de Australia central"
              }
            },
            "Australia_CentralWestern": {
              "long": {
                "generic": "Hora de Australia centroccidental",
                "standard": "Hora estándar de Australia centroccidental",
                "daylight": "Hora de verano de Australia centroccidental"
              }
            },
            "Australia_Eastern": {
              "long": {
                "generic": "Hora de Australia oriental",
                "standard": "Hora estándar de Australia oriental",
                "daylight": "Hora de verano de Australia oriental"
              }
            },
            "Australia_Western": {
              "long": {
                "generic": "Hora de Australia occidental",
                "standard": "Hora estándar de Australia occidental",
                "daylight": "Hora de verano de Australia occidental"
              }
            },
            "Azerbaijan": {
              "long": {
                "generic": "Hora de Azerbaiyán",
                "standard": "Hora estándar de Azerbaiyán",
                "daylight": "Hora de verano de Azerbaiyán"
              }
            },
            "Azores": {
              "long": {
                "generic": "Hora de las Azores",
                "standard": "Hora estándar de las Azores",
                "daylight": "Hora de verano de las Azores"
              }
            },
            "Bangladesh": {
              "long": {
                "generic": "Hora de Bangladés",
                "standard": "Hora estándar de Bangladés",
                "daylight": "Hora de verano de Bangladés"
              }
            },
            "Bhutan": {
              "long": {
                "standard": "Hora de Bután"
              }
            },
            "Bolivia": {
              "long": {
                "standard": "Hora de Bolivia"
              }
            },
            "Brasilia": {
              "long": {
                "generic": "Hora de Brasilia",
                "standard": "Hora estándar de Brasilia",
                "daylight": "Hora de verano de Brasilia"
              }
            },
            "Brunei": {
              "long": {
                "standard": "Hora de Brunéi"
              }
            },
            "Cape_Verde": {
              "long": {
                "generic": "Hora de Cabo Verde",
                "standard": "Hora estándar de Cabo Verde",
                "daylight": "Hora de verano de Cabo Verde"
              }
            },
            "Chamorro": {
              "long": {
                "standard": "Hora estándar de Chamorro"
              }
            },
            "Chatham": {
              "long": {
                "generic": "Hora de Chatham",
                "standard": "Hora estándar de Chatham",
                "daylight": "Hora de verano de Chatham"
              }
            },
            "Chile": {
              "long": {
                "generic": "Hora de Chile",
                "standard": "Hora estándar de Chile",
                "daylight": "Hora de verano de Chile"
              }
            },
            "China": {
              "long": {
                "generic": "Hora de China",
                "standard": "Hora estándar de China",
                "daylight": "Hora de verano de China"
              }
            },
            "Choibalsan": {
              "long": {
                "generic": "Hora de Choibalsan",
                "standard": "Hora estándar de Choibalsan",
                "daylight": "Hora de verano de Choibalsan"
              }
            },
            "Christmas": {
              "long": {
                "standard": "Hora de la isla de Navidad"
              }
            },
            "Cocos": {
              "long": {
                "standard": "Hora de las islas Cocos"
              }
            },
            "Colombia": {
              "long": {
                "generic": "Hora de Colombia",
                "standard": "Hora estándar de Colombia",
                "daylight": "Hora de verano de Colombia"
              }
            },
            "Cook": {
              "long": {
                "generic": "Hora de las islas Cook",
                "standard": "Hora estándar de las islas Cook",
                "daylight": "Hora de verano media de las islas Cook"
              }
            },
            "Cuba": {
              "long": {
                "generic": "Hora de Cuba",
                "standard": "Hora estándar de Cuba",
                "daylight": "Hora de verano de Cuba"
              }
            },
            "Davis": {
              "long": {
                "standard": "Hora de Davis"
              }
            },
            "DumontDUrville": {
              "long": {
                "standard": "Hora de Dumont-d’Urville"
              }
            },
            "East_Timor": {
              "long": {
                "standard": "Hora de Timor Oriental"
              }
            },
            "Easter": {
              "long": {
                "generic": "Hora de la isla de Pascua",
                "standard": "Hora estándar de la isla de Pascua",
                "daylight": "Hora de verano de la isla de Pascua"
              }
            },
            "Ecuador": {
              "long": {
                "standard": "Hora de Ecuador"
              }
            },
            "Europe_Central": {
              "long": {
                "generic": "Hora de Europa central",
                "standard": "Hora estándar de Europa central",
                "daylight": "Hora de verano de Europa central"
              }
            },
            "Europe_Eastern": {
              "long": {
                "generic": "Hora de Europa oriental",
                "standard": "Hora estándar de Europa oriental",
                "daylight": "Hora de verano de Europa oriental"
              }
            },
            "Europe_Western": {
              "long": {
                "generic": "Hora de Europa occidental",
                "standard": "Hora estándar de Europa occidental",
                "daylight": "Hora de verano de Europa occidental"
              }
            },
            "Falkland": {
              "long": {
                "generic": "Hora de las islas Malvinas",
                "standard": "Hora estándar de las islas Malvinas",
                "daylight": "Hora de verano de las islas Malvinas"
              }
            },
            "Fiji": {
              "long": {
                "generic": "Hora de Fiyi",
                "standard": "Hora estándar de Fiyi",
                "daylight": "Hora de verano de Fiyi"
              }
            },
            "French_Guiana": {
              "long": {
                "standard": "Hora de la Guayana Francesa"
              }
            },
            "French_Southern": {
              "long": {
                "standard": "Hora de las Tierras Australes y Antárticas Francesas"
              }
            },
            "Galapagos": {
              "long": {
                "standard": "Hora de Galápagos"
              }
            },
            "Gambier": {
              "long": {
                "standard": "Hora de Gambier"
              }
            },
            "Georgia": {
              "long": {
                "generic": "Hora de Georgia",
                "standard": "Hora estándar de Georgia",
                "daylight": "Hora de verano de Georgia"
              }
            },
            "Gilbert_Islands": {
              "long": {
                "standard": "Hora de las islas Gilbert"
              }
            },
            "GMT": {
              "long": {
                "standard": "Hora del meridiano de Greenwich"
              }
            },
            "Greenland_Eastern": {
              "long": {
                "generic": "Hora de Groenlandia oriental",
                "standard": "Hora estándar de Groenlandia oriental",
                "daylight": "Hora de verano de Groenlandia oriental"
              }
            },
            "Greenland_Western": {
              "long": {
                "generic": "Hora de Groenlandia occidental",
                "standard": "Hora estándar de Groenlandia occidental",
                "daylight": "Hora de verano de Groenlandia occidental"
              }
            },
            "Guam": {
              "long": {
                "standard": "Hora estándar de Guam"
              }
            },
            "Gulf": {
              "long": {
                "standard": "Hora estándar del Golfo"
              }
            },
            "Guyana": {
              "long": {
                "standard": "Hora de Guyana"
              }
            },
            "Hawaii_Aleutian": {
              "long": {
                "generic": "Hora de Hawái-Aleutiano",
                "standard": "Hora estándar de Hawái-Aleutiano",
                "daylight": "Hora de verano de Hawái-Aleutiano"
              }
            },
            "Hong_Kong": {
              "long": {
                "generic": "Hora de Hong Kong",
                "standard": "Hora estándar de Hong Kong",
                "daylight": "Hora de verano de Hong Kong"
              }
            },
            "Hovd": {
              "long": {
                "generic": "Hora de Hovd",
                "standard": "Hora estándar de Hovd",
                "daylight": "Hora de verano de Hovd"
              }
            },
            "India": {
              "long": {
                "standard": "Hora estándar de la India"
              }
            },
            "Indian_Ocean": {
              "long": {
                "standard": "Hora del Océano Índico"
              }
            },
            "Indochina": {
              "long": {
                "standard": "Hora de Indochina"
              }
            },
            "Indonesia_Central": {
              "long": {
                "standard": "Hora de Indonesia central"
              }
            },
            "Indonesia_Eastern": {
              "long": {
                "standard": "Hora de Indonesia oriental"
              }
            },
            "Indonesia_Western": {
              "long": {
                "standard": "Hora de Indonesia occidental"
              }
            },
            "Iran": {
              "long": {
                "generic": "Hora de Irán",
                "standard": "Hora estándar de Irán",
                "daylight": "Hora de verano de Irán"
              }
            },
            "Irkutsk": {
              "long": {
                "generic": "Hora de Irkutsk",
                "standard": "Hora estándar de Irkutsk",
                "daylight": "Hora de verano de Irkutsk"
              }
            },
            "Israel": {
              "long": {
                "generic": "Hora de Israel",
                "standard": "Hora estándar de Israel",
                "daylight": "Hora de verano de Israel"
              }
            },
            "Japan": {
              "long": {
                "generic": "Hora de Japón",
                "standard": "Hora estándar de Japón",
                "daylight": "Hora de verano de Japón"
              }
            },
            "Kamchatka": {
              "long": {
                "generic": "Hora de Kamchatka",
                "standard": "Hora de estándar de Kamchatka",
                "daylight": "Hora de verano de Kamchatka"
              }
            },
            "Kazakhstan_Eastern": {
              "long": {
                "standard": "Hora de Kazajistán oriental"
              }
            },
            "Kazakhstan_Western": {
              "long": {
                "standard": "Hora de Kazajistán occidental"
              }
            },
            "Korea": {
              "long": {
                "generic": "Hora de Corea",
                "standard": "Hora estándar de Corea",
                "daylight": "Hora de verano de Corea"
              }
            },
            "Kosrae": {
              "long": {
                "standard": "Hora de Kosrae"
              }
            },
            "Krasnoyarsk": {
              "long": {
                "generic": "Hora de Krasnoyarsk",
                "standard": "Hora estándar de Krasnoyarsk",
                "daylight": "Hora de verano de Krasnoyarsk"
              }
            },
            "Kyrgystan": {
              "long": {
                "standard": "Hora de Kirguistán"
              }
            },
            "Lanka": {
              "long": {
                "standard": "Hora de Sri Lanka"
              }
            },
            "Line_Islands": {
              "long": {
                "standard": "Hora de las Espóradas Ecuatoriales"
              }
            },
            "Lord_Howe": {
              "long": {
                "generic": "Hora de Lord Howe",
                "standard": "Hora estándar de Lord Howe",
                "daylight": "Hora de verano de Lord Howe"
              }
            },
            "Macau": {
              "long": {
                "generic": "Hora de Macao",
                "standard": "Hora estándar de Macao",
                "daylight": "Hora de verano de Macao"
              }
            },
            "Macquarie": {
              "long": {
                "standard": "Hora de la isla Macquarie"
              }
            },
            "Magadan": {
              "long": {
                "generic": "Hora de Magadán",
                "standard": "Hora estándar de Magadán",
                "daylight": "Hora de verano de Magadán"
              }
            },
            "Malaysia": {
              "long": {
                "standard": "Hora de Malasia"
              }
            },
            "Maldives": {
              "long": {
                "standard": "Hora de Maldivas"
              }
            },
            "Marquesas": {
              "long": {
                "standard": "Hora de las islas Marquesas"
              }
            },
            "Marshall_Islands": {
              "long": {
                "standard": "Hora de las Islas Marshall"
              }
            },
            "Mauritius": {
              "long": {
                "generic": "Hora de Mauricio",
                "standard": "Hora estándar de Mauricio",
                "daylight": "Hora de verano de Mauricio"
              }
            },
            "Mawson": {
              "long": {
                "standard": "Hora de Mawson"
              }
            },
            "Mongolia": {
              "long": {
                "generic": "Hora de Ulán Bator",
                "standard": "Hora estándar de Ulán Bator",
                "daylight": "Hora de verano de Ulán Bator"
              }
            },
            "Moscow": {
              "long": {
                "generic": "Hora de Moscú",
                "standard": "Hora estándar de Moscú",
                "daylight": "Hora de verano de Moscú"
              }
            },
            "Myanmar": {
              "long": {
                "standard": "Hora de Birmania"
              }
            },
            "Nauru": {
              "long": {
                "standard": "Hora de Nauru"
              }
            },
            "Nepal": {
              "long": {
                "standard": "Hora de Nepal"
              }
            },
            "New_Caledonia": {
              "long": {
                "generic": "Hora de Nueva Caledonia",
                "standard": "Hora estándar de Nueva Caledonia",
                "daylight": "Hora de verano de Nueva Caledonia"
              }
            },
            "New_Zealand": {
              "long": {
                "generic": "Hora de Nueva Zelanda",
                "standard": "Hora estándar de Nueva Zelanda",
                "daylight": "Hora de verano de Nueva Zelanda"
              }
            },
            "Newfoundland": {
              "long": {
                "generic": "Hora de Terranova",
                "standard": "Hora estándar de Terranova",
                "daylight": "Hora de verano de Terranova"
              }
            },
            "Niue": {
              "long": {
                "standard": "Hora de Niue"
              }
            },
            "Norfolk": {
              "long": {
                "standard": "Hora de las islas Norfolk"
              }
            },
            "Noronha": {
              "long": {
                "generic": "Hora de Fernando de Noronha",
                "standard": "Hora estándar de Fernando de Noronha",
                "daylight": "Hora de verano de Fernando de Noronha"
              }
            },
            "North_Mariana": {
              "long": {
                "standard": "Hora de las Islas Marianas del Norte"
              }
            },
            "Novosibirsk": {
              "long": {
                "generic": "Hora de Novosibirsk",
                "standard": "Hora estándar de Novosibirsk",
                "daylight": "Hora de verano de Novosibirsk"
              }
            },
            "Omsk": {
              "long": {
                "generic": "Hora de Omsk",
                "standard": "Hora estándar de Omsk",
                "daylight": "Hora de verano de Omsk"
              }
            },
            "Pakistan": {
              "long": {
                "generic": "Hora de Pakistán",
                "standard": "Hora estándar de Pakistán",
                "daylight": "Hora de verano de Pakistán"
              }
            },
            "Palau": {
              "long": {
                "standard": "Hora de Palaos"
              }
            },
            "Papua_New_Guinea": {
              "long": {
                "standard": "Hora de Papúa-Nueva Guinea"
              }
            },
            "Paraguay": {
              "long": {
                "generic": "Hora de Paraguay",
                "standard": "Hora estándar de Paraguay",
                "daylight": "Hora de verano de Paraguay"
              }
            },
            "Peru": {
              "long": {
                "generic": "Hora de Perú",
                "standard": "Hora estándar de Perú",
                "daylight": "Hora de verano de Perú"
              }
            },
            "Philippines": {
              "long": {
                "generic": "Hora de Filipinas",
                "standard": "Hora estándar de Filipinas",
                "daylight": "Hora de verano de Filipinas"
              }
            },
            "Phoenix_Islands": {
              "long": {
                "standard": "Hora de las islas Fénix"
              }
            },
            "Pierre_Miquelon": {
              "long": {
                "generic": "Hora de San Pedro y Miquelón",
                "standard": "Hora estándar de San Pedro y Miquelón",
                "daylight": "Hora de verano de San Pedro y Miquelón"
              }
            },
            "Pitcairn": {
              "long": {
                "standard": "Hora de Pitcairn"
              }
            },
            "Ponape": {
              "long": {
                "standard": "Hora de Pohnpei"
              }
            },
            "Qyzylorda": {
              "long": {
                "generic": "Hora de Qyzylorda",
                "standard": "Hora estándar de Qyzylorda",
                "daylight": "Hora de verano de Qyzylorda"
              }
            },
            "Reunion": {
              "long": {
                "standard": "Hora de Reunión"
              }
            },
            "Rothera": {
              "long": {
                "standard": "Hora de Rothera"
              }
            },
            "Sakhalin": {
              "long": {
                "generic": "Hora de Sajalín",
                "standard": "Hora estándar de Sajalín",
                "daylight": "Hora de verano de Sajalín"
              }
            },
            "Samara": {
              "long": {
                "generic": "Hora de Samara",
                "standard": "Hora estándar de Samara",
                "daylight": "Hora de verano de Samara"
              }
            },
            "Samoa": {
              "long": {
                "generic": "Hora de Samoa",
                "standard": "Hora estándar de Samoa",
                "daylight": "Hora de verano de Samoa"
              }
            },
            "Seychelles": {
              "long": {
                "standard": "Hora de Seychelles"
              }
            },
            "Singapore": {
              "long": {
                "standard": "Hora de Singapur"
              }
            },
            "Solomon": {
              "long": {
                "standard": "Hora de las Islas Salomón"
              }
            },
            "South_Georgia": {
              "long": {
                "standard": "Hora de Georgia meridional"
              }
            },
            "Suriname": {
              "long": {
                "standard": "Hora de Surinam"
              }
            },
            "Syowa": {
              "long": {
                "standard": "Hora de Syowa"
              }
            },
            "Tahiti": {
              "long": {
                "standard": "Hora de Tahití"
              }
            },
            "Taipei": {
              "long": {
                "generic": "Hora de Taipéi",
                "standard": "Hora estándar de Taipéi",
                "daylight": "Hora de verano de Taipéi"
              }
            },
            "Tajikistan": {
              "long": {
                "standard": "Hora de Tayikistán"
              }
            },
            "Tokelau": {
              "long": {
                "standard": "Hora de Tokelau"
              }
            },
            "Tonga": {
              "long": {
                "generic": "Hora de Tonga",
                "standard": "Hora estándar de Tonga",
                "daylight": "Hora de verano de Tonga"
              }
            },
            "Truk": {
              "long": {
                "standard": "Hora de Chuuk"
              }
            },
            "Turkmenistan": {
              "long": {
                "generic": "Hora de Turkmenistán",
                "standard": "Hora estándar de Turkmenistán",
                "daylight": "Hora de verano de Turkmenistán"
              }
            },
            "Tuvalu": {
              "long": {
                "standard": "Hora de Tuvalu"
              }
            },
            "Uruguay": {
              "long": {
                "generic": "Hora de Uruguay",
                "standard": "Hora estándar de Uruguay",
                "daylight": "Hora de verano de Uruguay"
              }
            },
            "Uzbekistan": {
              "long": {
                "generic": "Hora de Uzbekistán",
                "standard": "Hora estándar de Uzbekistán",
                "daylight": "Hora de verano de Uzbekistán"
              }
            },
            "Vanuatu": {
              "long": {
                "generic": "Hora de Vanuatu",
                "standard": "Hora estándar de Vanuatu",
                "daylight": "Hora de verano de Vanuatu"
              }
            },
            "Venezuela": {
              "long": {
                "standard": "Hora de Venezuela"
              }
            },
            "Vladivostok": {
              "long": {
                "generic": "Hora de Vladivostok",
                "standard": "Hora estándar de Vladivostok",
                "daylight": "Hora de verano de Vladivostok"
              }
            },
            "Volgograd": {
              "long": {
                "generic": "Hora de Volgogrado",
                "standard": "Hora estándar de Volgogrado",
                "daylight": "Hora de verano de Volgogrado"
              }
            },
            "Vostok": {
              "long": {
                "standard": "Hora de Vostok"
              }
            },
            "Wake": {
              "long": {
                "standard": "Hora de la isla Wake"
              }
            },
            "Wallis": {
              "long": {
                "standard": "Hora de Wallis y Futuna"
              }
            },
            "Yakutsk": {
              "long": {
                "generic": "Hora de Yakutsk",
                "standard": "Hora estándar de Yakutsk",
                "daylight": "Hora de verano de Yakutsk"
              }
            },
            "Yekaterinburg": {
              "long": {
                "generic": "Hora de Ekaterimburgo",
                "standard": "Hora estándar de Ekaterimburgo",
                "daylight": "Hora de verano de Ekaterimburgo"
              }
            }
          }
        }
      }
    }
  }
}
