{
  "main": {
    "ar-JO": {
      "identity": {
        "version": {
          "_cldrVersion": "37"
        },
        "language": "ar",
        "territory": "JO"
      },
      "localeDisplayNames": {
        "scripts": {
          "Adlm": "Adlm",
          "Aghb": "Aghb",
          "Ahom": "Ahom",
          "Arab": "العربية",
          "Arab-alt-variant": "العربية الفارسية",
          "Aran": "نستعليق",
          "Armi": "Armi",
          "Armn": "الأرمينية",
          "Avst": "Avst",
          "Bali": "البالية",
          "Bamu": "Bamu",
          "Bass": "Bass",
          "Batk": "الباتاك",
          "Beng": "البنغالية",
          "Bhks": "Bhks",
          "Blis": "رموز بليس",
          "Bopo": "البوبوموفو",
          "Brah": "الهندوسية",
          "Brai": "البرايل",
          "Bugi": "البجينيز",
          "Buhd": "البهيدية",
          "Cakm": "Cakm",
          "Cans": "مقاطع كندية أصلية موحدة",
          "Cari": "الكارية",
          "Cham": "التشامية",
          "Cher": "الشيروكي",
          "Chrs": "Chrs",
          "Cirt": "السيرث",
          "Copt": "القبطية",
          "Cprt": "القبرصية",
          "Cyrl": "السيريلية",
          "Cyrs": "السيريلية السلافية الكنسية القديمة",
          "Deva": "الديفاناجاري",
          "Diak": "Diak",
          "Dogr": "Dogr",
          "Dsrt": "الديسيريت",
          "Dupl": "Dupl",
          "Egyd": "الديموطيقية",
          "Egyh": "الهيراطيقية",
          "Egyp": "الهيروغليفية",
          "Elba": "Elba",
          "Elym": "Elym",
          "Ethi": "الأثيوبية",
          "Geok": "الأبجدية الجورجية - أسومتافرلي و نسخري",
          "Geor": "الجورجية",
          "Glag": "الجلاجوليتيك",
          "Gong": "Gong",
          "Gonm": "Gonm",
          "Goth": "القوطية",
          "Gran": "Gran",
          "Grek": "اليونانية",
          "Gujr": "التاغجراتية",
          "Guru": "الجرمخي",
          "Hanb": "هانب",
          "Hang": "الهانغول",
          "Hani": "الهان",
          "Hano": "الهانونو",
          "Hans": "المبسطة",
          "Hans-alt-stand-alone": "الهان المبسطة",
          "Hant": "التقليدية",
          "Hant-alt-stand-alone": "الهان التقليدية",
          "Hatr": "Hatr",
          "Hebr": "العبرية",
          "Hira": "الهيراجانا",
          "Hluw": "Hluw",
          "Hmng": "الباهوه همونج",
          "Hmnp": "Hmnp",
          "Hrkt": "أبجدية مقطعية يابانية",
          "Hung": "المجرية القديمة",
          "Inds": "اندس - هارابان",
          "Ital": "الإيطالية القديمة",
          "Jamo": "جامو",
          "Java": "الجاوية",
          "Jpan": "اليابانية",
          "Kali": "الكياه لى",
          "Kana": "الكتكانا",
          "Khar": "الخاروشتى",
          "Khmr": "الخميرية",
          "Khoj": "Khoj",
          "Kits": "Kits",
          "Knda": "الكانادا",
          "Kore": "الكورية",
          "Kthi": "Kthi",
          "Lana": "الانا",
          "Laoo": "اللاو",
          "Latf": "اللاتينية - متغير فراكتر",
          "Latg": "اللاتينية - متغير غيلى",
          "Latn": "اللاتينية",
          "Lepc": "الليبتشا - رونج",
          "Limb": "الليمبو",
          "Lina": "الخطية أ",
          "Linb": "الخطية ب",
          "Lisu": "Lisu",
          "Lyci": "الليسية",
          "Lydi": "الليدية",
          "Mahj": "Mahj",
          "Maka": "Maka",
          "Mand": "المانداينية",
          "Mani": "Mani",
          "Marc": "Marc",
          "Maya": "المايا الهيروغليفية",
          "Medf": "Medf",
          "Mend": "Mend",
          "Merc": "Merc",
          "Mero": "الميرويتيك",
          "Mlym": "الماليالام",
          "Modi": "Modi",
          "Mong": "المغولية",
          "Moon": "مون",
          "Mroo": "Mroo",
          "Mtei": "ميتي ماييك",
          "Mult": "Mult",
          "Mymr": "الميانمار",
          "Nand": "Nand",
          "Narb": "العربية الشمالية القديمة",
          "Nbat": "Nbat",
          "Newa": "Newa",
          "Nkoo": "أنكو",
          "Nshu": "Nshu",
          "Ogam": "الأوجهام",
          "Olck": "أول تشيكي",
          "Orkh": "الأورخون",
          "Orya": "الأوريا",
          "Osge": "Osge",
          "Osma": "الأوسمانيا",
          "Palm": "Palm",
          "Pauc": "Pauc",
          "Perm": "البيرميكية القديمة",
          "Phag": "الفاجسبا",
          "Phli": "Phli",
          "Phlp": "Phlp",
          "Phnx": "الفينيقية",
          "Plrd": "الصوتيات الجماء",
          "Prti": "Prti",
          "Qaag": "زوجيي",
          "Rjng": "Rjng",
          "Rohg": "Rohg",
          "Roro": "رنجورنجو",
          "Runr": "الروني",
          "Samr": "Samr",
          "Sara": "الساراتي",
          "Sarb": "العربية الجنوبية القديمة",
          "Saur": "Saur",
          "Sgnw": "Sgnw",
          "Shaw": "الشواني",
          "Shrd": "Shrd",
          "Sidd": "Sidd",
          "Sind": "Sind",
          "Sinh": "السينهالا",
          "Sogd": "Sogd",
          "Sogo": "Sogo",
          "Sora": "Sora",
          "Soyo": "Soyo",
          "Sund": "السوندانية",
          "Sylo": "السيلوتي ناغري",
          "Syrc": "السريانية",
          "Syre": "السريانية الأسترنجيلية",
          "Syrj": "السريانية الغربية",
          "Syrn": "السريانية الشرقية",
          "Tagb": "التاجبانوا",
          "Takr": "Takr",
          "Tale": "التاي لي",
          "Talu": "التاى لى الجديد",
          "Taml": "التاميلية",
          "Tang": "Tang",
          "Tavt": "Tavt",
          "Telu": "التيلجو",
          "Teng": "التينجوار",
          "Tfng": "التيفيناغ",
          "Tglg": "التغالوغية",
          "Thaa": "الثعنة",
          "Thai": "التايلاندية",
          "Tibt": "التبتية",
          "Tirh": "Tirh",
          "Ugar": "الأجاريتيكية",
          "Vaii": "الفاي",
          "Visp": "الكلام المرئي",
          "Wara": "Wara",
          "Wcho": "Wcho",
          "Xpeo": "الفارسية القديمة",
          "Xsux": "الكتابة المسمارية الأكدية السومرية",
          "Yezi": "Yezi",
          "Yiii": "اليي",
          "Zanb": "Zanb",
          "Zinh": "الموروث",
          "Zmth": "تدوين رياضي",
          "Zsye": "إيموجي",
          "Zsym": "رموز",
          "Zxxx": "غير مكتوب",
          "Zyyy": "عام",
          "Zzzz": "نظام كتابة غير معروف"
        }
      }
    }
  }
}
