{
  "main": {
    "fr": {
      "identity": {
        "version": {
          "_cldrVersion": "24",
          "_number": "$Revision: 9310 $"
        },
        "generation": {
          "_date": "$Date: 2013-09-04 17:31:00 -0500 (Wed, 04 Sep 2013) $"
        },
        "language": "fr"
      },
      "dates": {
        "calendars": {
          "ethiopic-amete-alem": {
            "months": {
              "format": {
                "abbreviated": {
                  "1": "mäs.",
                  "2": "teq.",
                  "3": "hed.",
                  "4": "tah.",
                  "5": "ter",
                  "6": "yäk.",
                  "7": "mäg.",
                  "8": "miy.",
                  "9": "gue.",
                  "10": "sän.",
                  "11": "ham.",
                  "12": "näh.",
                  "13": "pag."
                },
                "narrow": {
                  "1": "M",
                  "2": "T",
                  "3": "H",
                  "4": "T",
                  "5": "T",
                  "6": "Y",
                  "7": "M",
                  "8": "M",
                  "9": "G",
                  "10": "S",
                  "11": "H",
                  "12": "N",
                  "13": "P"
                },
                "wide": {
                  "1": "mäskäräm",
                  "2": "teqemt",
                  "3": "hedar",
                  "4": "tahesas",
                  "5": "ter",
                  "6": "yäkatit",
                  "7": "mägabit",
                  "8": "miyazya",
                  "9": "guenbot",
                  "10": "säné",
                  "11": "hamlé",
                  "12": "nähasé",
                  "13": "pagumén"
                }
              },
              "stand-alone": {
                "abbreviated": {
                  "1": "mäs.",
                  "2": "teq.",
                  "3": "hed.",
                  "4": "tah.",
                  "5": "ter",
                  "6": "yäk.",
                  "7": "mäg.",
                  "8": "miy.",
                  "9": "gue.",
                  "10": "sän.",
                  "11": "ham.",
                  "12": "näh.",
                  "13": "pag."
                },
                "narrow": {
                  "1": "M",
                  "2": "T",
                  "3": "H",
                  "4": "T",
                  "5": "T",
                  "6": "Y",
                  "7": "M",
                  "8": "M",
                  "9": "G",
                  "10": "S",
                  "11": "H",
                  "12": "N",
                  "13": "P"
                },
                "wide": {
                  "1": "mäskäräm",
                  "2": "teqemt",
                  "3": "hedar",
                  "4": "tahesas",
                  "5": "ter",
                  "6": "yäkatit",
                  "7": "mägabit",
                  "8": "miyazya",
                  "9": "guenbot",
                  "10": "säné",
                  "11": "hamlé",
                  "12": "nähasé",
                  "13": "pagumén"
                }
              }
            },
            "days": {
              "format": {
                "abbreviated": {
                  "sun": "dim.",
                  "mon": "lun.",
                  "tue": "mar.",
                  "wed": "mer.",
                  "thu": "jeu.",
                  "fri": "ven.",
                  "sat": "sam."
                },
                "narrow": {
                  "sun": "D",
                  "mon": "L",
                  "tue": "M",
                  "wed": "M",
                  "thu": "J",
                  "fri": "V",
                  "sat": "S"
                },
                "short": {
                  "sun": "di",
                  "mon": "lu",
                  "tue": "ma",
                  "wed": "me",
                  "thu": "je",
                  "fri": "ve",
                  "sat": "sa"
                },
                "wide": {
                  "sun": "dimanche",
                  "mon": "lundi",
                  "tue": "mardi",
                  "wed": "mercredi",
                  "thu": "jeudi",
                  "fri": "vendredi",
                  "sat": "samedi"
                }
              },
              "stand-alone": {
                "abbreviated": {
                  "sun": "dim.",
                  "mon": "lun.",
                  "tue": "mar.",
                  "wed": "mer.",
                  "thu": "jeu.",
                  "fri": "ven.",
                  "sat": "sam."
                },
                "narrow": {
                  "sun": "D",
                  "mon": "L",
                  "tue": "M",
                  "wed": "M",
                  "thu": "J",
                  "fri": "V",
                  "sat": "S"
                },
                "short": {
                  "sun": "dim.",
                  "mon": "lun.",
                  "tue": "mar.",
                  "wed": "mer.",
                  "thu": "jeu.",
                  "fri": "ven.",
                  "sat": "sam."
                },
                "wide": {
                  "sun": "dimanche",
                  "mon": "lundi",
                  "tue": "mardi",
                  "wed": "mercredi",
                  "thu": "jeudi",
                  "fri": "vendredi",
                  "sat": "samedi"
                }
              }
            },
            "quarters": {
              "format": {
                "abbreviated": {
                  "1": "T1",
                  "2": "T2",
                  "3": "T3",
                  "4": "T4"
                },
                "narrow": {
                  "1": "1",
                  "2": "2",
                  "3": "3",
                  "4": "4"
                },
                "wide": {
                  "1": "1er trimestre",
                  "2": "2e trimestre",
                  "3": "3e trimestre",
                  "4": "4e trimestre"
                }
              },
              "stand-alone": {
                "abbreviated": {
                  "1": "T1",
                  "2": "T2",
                  "3": "T3",
                  "4": "T4"
                },
                "narrow": {
                  "1": "1",
                  "2": "2",
                  "3": "3",
                  "4": "4"
                },
                "wide": {
                  "1": "1er trimestre",
                  "2": "2e trimestre",
                  "3": "3e trimestre",
                  "4": "4e trimestre"
                }
              }
            },
            "dayPeriods": {
              "format": {
                "abbreviated": {
                  "afternoon": "ap.m.",
                  "am": "AM",
                  "morning": "matin",
                  "night": "soir",
                  "noon": "midi",
                  "pm": "PM"
                },
                "narrow": {
                  "afternoon": "ap.-m.",
                  "am": "a",
                  "morning": "matin",
                  "night": "soir",
                  "noon": "midi",
                  "pm": "p"
                },
                "wide": {
                  "afternoon": "après-midi",
                  "am": "AM",
                  "morning": "matin",
                  "night": "soir",
                  "noon": "midi",
                  "pm": "PM"
                }
              },
              "stand-alone": {
                "abbreviated": {
                  "afternoon": "ap.m.",
                  "am": "av.m.",
                  "morning": "matin",
                  "night": "soir",
                  "noon": "midi",
                  "pm": "ap.m."
                },
                "narrow": {
                  "afternoon": "ap.-m.",
                  "am": "a",
                  "morning": "matin",
                  "night": "soir",
                  "noon": "midi",
                  "pm": "p"
                },
                "wide": {
                  "afternoon": "après-midi",
                  "am": "avant-midi",
                  "morning": "matin",
                  "night": "soir",
                  "noon": "midi",
                  "pm": "après-midi"
                }
              }
            },
            "eras": {
              "eraNames": {
                "0": "ERA0"
              },
              "eraAbbr": {
                "0": "ERA0"
              },
              "eraNarrow": {
                "0": "ERA0"
              }
            },
            "dateFormats": {
              "full": "EEEE d MMMM y G",
              "long": "d MMMM y G",
              "medium": "d MMM y G",
              "short": "dd/MM/y GGGGG"
            },
            "timeFormats": {
              "full": "HH:mm:ss zzzz",
              "long": "HH:mm:ss z",
              "medium": "HH:mm:ss",
              "short": "HH:mm"
            },
            "dateTimeFormats": {
              "full": "{1} 'à' {0}",
              "long": "{1} 'à' {0}",
              "medium": "{1} {0}",
              "short": "{1} {0}",
              "availableFormats": {
                "d": "d",
                "Ed": "E d",
                "Ehm": "E h:mm a",
                "EHm": "E HH:mm",
                "Ehms": "E h:mm:ss a",
                "EHms": "E HH:mm:ss",
                "Gy": "y G",
                "GyMMM": "MMM y G",
                "GyMMMd": "d MMM y G",
                "GyMMMEd": "E d MMM y G",
                "h": "h a",
                "H": "HH",
                "hm": "h:mm a",
                "Hm": "HH:mm",
                "hms": "h:mm:ss a",
                "Hms": "HH:mm:ss",
                "M": "L",
                "Md": "d/M",
                "MEd": "E d/M",
                "MMM": "LLL",
                "MMMd": "d MMM",
                "MMMEd": "E d MMM",
                "ms": "mm:ss",
                "y": "y G",
                "yyyy": "y G",
                "yyyyM": "M/y GGGGG",
                "yyyyMd": "d/M/y GGGGG",
                "yyyyMEd": "E d/M/y GGGGG",
                "yyyyMMM": "MMM y G",
                "yyyyMMMd": "d MMM y G",
                "yyyyMMMEd": "E d MMM y G",
                "yyyyMMMM": "MMMM y G",
                "yyyyQQQ": "QQQ y G",
                "yyyyQQQQ": "QQQQ y G"
              },
              "appendItems": {
                "Day": "{0} ({2}: {1})",
                "Day-Of-Week": "{0} {1}",
                "Era": "{1} {0}",
                "Hour": "{0} ({2}: {1})",
                "Minute": "{0} ({2}: {1})",
                "Month": "{0} ({2}: {1})",
                "Quarter": "{0} ({2}: {1})",
                "Second": "{0} ({2}: {1})",
                "Timezone": "{0} {1}",
                "Week": "{0} ({2}: {1})",
                "Year": "{1} {0}"
              },
              "intervalFormats": {
                "intervalFormatFallback": "{0} – {1}",
                "d": {
                  "d": "d-d"
                },
                "h": {
                  "a": "h a – h a",
                  "h": "h – h a"
                },
                "H": {
                  "H": "HH – HH"
                },
                "hm": {
                  "a": "h:mm a – h:mm a",
                  "h": "h:mm – h:mm a",
                  "m": "h:mm – h:mm a"
                },
                "Hm": {
                  "H": "HH:mm – HH:mm",
                  "m": "HH:mm – HH:mm"
                },
                "hmv": {
                  "a": "h:mm a – h:mm a v",
                  "h": "h:mm – h:mm a v",
                  "m": "h:mm – h:mm a v"
                },
                "Hmv": {
                  "H": "HH:mm – HH:mm v",
                  "m": "HH:mm – HH:mm v"
                },
                "hv": {
                  "a": "h a – h a v",
                  "h": "h – h a v"
                },
                "Hv": {
                  "H": "HH – HH v"
                },
                "M": {
                  "M": "M–M"
                },
                "Md": {
                  "d": "dd/MM - dd/MM",
                  "M": "dd/MM - dd/MM"
                },
                "MEd": {
                  "d": "E dd/MM - E dd/MM",
                  "M": "E dd/MM - E dd/MM"
                },
                "MMM": {
                  "M": "MMM–MMM"
                },
                "MMMd": {
                  "d": "d–d MMM",
                  "M": "d MMM – d MMM"
                },
                "MMMEd": {
                  "d": "E d – E d MMM",
                  "M": "E d MMM – E d MMM"
                },
                "y": {
                  "y": "y-y G"
                },
                "yM": {
                  "M": "MM/y – MM/y G",
                  "y": "M/y – M/y G"
                },
                "yMd": {
                  "d": "d/M/y – d/M/y G",
                  "M": "d/M/y – d/M/y G",
                  "y": "dd/MM/y – dd/MM/y G"
                },
                "yMEd": {
                  "d": "E dd/MM/y – E dd/MM/y G",
                  "M": "E dd/MM/y – E dd/MM/y G",
                  "y": "E dd/MM/y – E dd/MM/y G"
                },
                "yMMM": {
                  "M": "MMM–MMM y G",
                  "y": "MMM y – MMM y G"
                },
                "yMMMd": {
                  "d": "d–d MMM y G",
                  "M": "d MMM – d MMM y G",
                  "y": "d MMM y – d MMM y G"
                },
                "yMMMEd": {
                  "d": "E d – E d MMM y G",
                  "M": "E d MMM – E d MMM y G",
                  "y": "E d MMM y – E d MMM y G"
                },
                "yMMMM": {
                  "M": "MMMM–MMMM y G",
                  "y": "MMMM y – MMMM y G"
                }
              }
            }
          }
        }
      }
    }
  }
}
