{
  "main": {
    "ar-ER": {
      "identity": {
        "version": {
          "_cldrVersion": "37"
        },
        "language": "ar",
        "territory": "ER"
      },
      "localeDisplayNames": {
        "localeDisplayPattern": {
          "localePattern": "{0} ({1})",
          "localeSeparator": "{0}، {1}",
          "localeKeyTypePattern": "{0}: {1}"
        },
        "keys": {
          "calendar": "التقويم",
          "cf": "تنسيق العملة",
          "colAlternate": "الفرز بحسب تجاهل الرموز",
          "colBackwards": "الفرز بحسب اللكنة المعكوسة",
          "colCaseFirst": "الترتيب بحسب الأحرف الكبيرة/الصغيرة",
          "colCaseLevel": "الفرز بحسب حساسية حالة الأحرف",
          "collation": "ترتيب الفرز",
          "colNormalization": "الفرز الموحد",
          "colNumeric": "الفرز الرقمي",
          "colStrength": "قوة الفرز",
          "currency": "العملة",
          "hc": "نظام التوقيت (12 مقابل 24)",
          "lb": "نمط فصل السطور",
          "ms": "نظام القياس",
          "numbers": "الأرقام",
          "timezone": "المنطقة الزمنية",
          "va": "متغيرات اللغة",
          "x": "استخدام خاص"
        },
        "types": {
          "calendar": {
            "buddhist": "التقويم البوذي",
            "chinese": "التقويم الصيني",
            "coptic": "التقويم القبطي",
            "dangi": "تقويم دانجي",
            "ethiopic": "التقويم الإثيوبي",
            "ethiopic-amete-alem": "تقويم أميتي أليم الإثيوبي",
            "gregorian": "التقويم الميلادي",
            "hebrew": "التقويم العبري",
            "indian": "التقويم القومي الهندي",
            "islamic": "التقويم الهجري",
            "islamic-civil": "التقويم الإسلامي المدني",
            "islamic-rgsa": "التقويم الإسلامي (السعودية - الرؤية)",
            "islamic-tbla": "التقويم الإسلامي (الحسابات الفلكية)",
            "islamic-umalqura": "التقويم الإسلامي (أم القرى)",
            "iso8601": "تقويم ISO-8601",
            "japanese": "التقويم الياباني",
            "persian": "التقويم الفارسي",
            "roc": "تقويم مينجو"
          },
          "cf": {
            "account": "تنسيق العملة للحسابات",
            "standard": "تنسيق العملة القياسي"
          },
          "colAlternate": {
            "non-ignorable": "تصنيف الرموز",
            "shifted": "تصنيف تجاهل الرموز"
          },
          "colBackwards": {
            "no": "تصنيف اللكنات بشكل عادي",
            "yes": "تصنيف اللكنات معكوسة"
          },
          "colCaseFirst": {
            "lower": "تصنيف الأحرف الصغيرة أولاً",
            "no": "ترتيب تصنيف حالة الأحرف الطبيعية",
            "upper": "تصنيف الأحرف الكبيرة أولاً"
          },
          "colCaseLevel": {
            "no": "تصنيف بحسب الأحرف غير الحساسة لحالة الأحرف",
            "yes": "تصنيف بحسب حساسية الأحرف"
          },
          "collation": {
            "big5han": "ترتيب فرز الصينية التقليدية (Big5)",
            "compat": "ترتيب الفرز السابق: للتوافق",
            "dictionary": "ترتيب فرز القاموس",
            "ducet": "ترتيب فرز Unicode الافتراضي",
            "emoji": "emoji",
            "eor": "eor",
            "gb2312han": "ترتيب فرز الصينية المبسطة (GB2312)",
            "phonebook": "ترتيب فرز دليل الهاتف",
            "phonetic": "ترتيب الفرز الصوتي",
            "pinyin": "الترتيب الصيني بنيين المبسط",
            "reformed": "ترتيب فرز محسَّن",
            "search": "بحث لأغراض عامة",
            "searchjl": "بحث باستخدام حرف الهانغول الساكن الأول",
            "standard": "ترتيب الفرز القياسي",
            "stroke": "الترتيب الصيني بنيين التقليدي",
            "traditional": "ترتيب تقليدي",
            "unihan": "ترتيب تصنيف الجذر والضغطات",
            "zhuyin": "zhuyin"
          },
          "colNormalization": {
            "no": "التصفية بدون تسوية",
            "yes": "تصنيف Unicode طبيعي"
          },
          "colNumeric": {
            "no": "تصنيف الأرقام على حدة",
            "yes": "تصنيف الأرقام بالعدد"
          },
          "colStrength": {
            "identical": "تصنيف الكل",
            "primary": "تصنيف الحروف الأساسية فقط",
            "quaternary": "تصنيف اللكنات/الحالة/العرض/الكانا",
            "secondary": "تصنيف اللكنات",
            "tertiary": "تصنيف اللكنات/الحالة/العرض"
          },
          "d0": {
            "fwidth": "عرض كامل",
            "hwidth": "نصف العرض",
            "npinyin": "رقمي"
          },
          "hc": {
            "h11": "نظام 12 ساعة (0–11)",
            "h12": "نظام 12 ساعة (1–12)",
            "h23": "نظام 24 ساعة (0–23)",
            "h24": "نظام 24 ساعة (1–24)"
          },
          "lb": {
            "loose": "نمط فصل السطور: متباعد",
            "normal": "نمط فصل السطور: عادي",
            "strict": "نمط فصل السطور: متقارب"
          },
          "m0": {
            "bgn": "بي جي إن",
            "ungegn": "يو إن جي إي جي إن"
          },
          "ms": {
            "metric": "نظام متري",
            "uksystem": "نظام المملكة المتحدة",
            "ussystem": "نظام الولايات المتحدة"
          },
          "numbers": {
            "ahom": "ahom",
            "arab": "الأرقام العربية الهندية",
            "arabext": "الأرقام العربية الهندية الممتدة",
            "armn": "الأرقام الأرمينية",
            "armnlow": "الأرقام الأرمينية الصغيرة",
            "bali": "bali",
            "beng": "الأرقام البنغالية",
            "brah": "brah",
            "cakm": "cakm",
            "cham": "cham",
            "cyrl": "cyrl",
            "deva": "الأرقام الديفانغارية",
            "diak": "diak",
            "ethi": "الأرقام الإثيوبية",
            "finance": "الأرقام المالية",
            "fullwide": "أرقام كاملة العرض",
            "geor": "الأرقام الجورجية",
            "gong": "gong",
            "gonm": "gonm",
            "grek": "الأرقام اليونانية",
            "greklow": "الأرقام اليونانية الصغيرة",
            "gujr": "الأرقام الغوجاراتية",
            "guru": "الأرقام الغورموخية",
            "hanidec": "الأرقام العشرية الصينية",
            "hans": "الأرقام الصينية المبسطة",
            "hansfin": "الأرقام المالية الصينية المبسطة",
            "hant": "الأرقام الصينية التقليدية",
            "hantfin": "الأرقام المالية الصينية التقليدية",
            "hebr": "الأرقام العبرية",
            "hmng": "hmng",
            "hmnp": "hmnp",
            "java": "java",
            "jpan": "الأرقام اليابانية",
            "jpanfin": "الأرقام المالية اليابانية",
            "kali": "kali",
            "khmr": "الأرقام الخيمرية",
            "knda": "أرقام الكانادا",
            "lana": "lana",
            "lanatham": "lanatham",
            "laoo": "الأرقام اللاوية",
            "latn": "الأرقام الغربية",
            "lepc": "lepc",
            "limb": "limb",
            "mathbold": "mathbold",
            "mathdbl": "mathdbl",
            "mathmono": "mathmono",
            "mathsanb": "mathsanb",
            "mathsans": "mathsans",
            "mlym": "الأرقام الملايلامية",
            "modi": "modi",
            "mong": "الأرقام المغولية",
            "mroo": "mroo",
            "mtei": "mtei",
            "mymr": "أرقام ميانمار",
            "mymrshan": "mymrshan",
            "mymrtlng": "mymrtlng",
            "native": "الأرقام الأصلية",
            "nkoo": "nkoo",
            "olck": "olck",
            "orya": "أرقام الأوريا",
            "osma": "osma",
            "rohg": "rohg",
            "roman": "الأرقام الرومانية",
            "romanlow": "الأرقام الرومانية الصغيرة",
            "saur": "saur",
            "shrd": "shrd",
            "sind": "sind",
            "sinh": "sinh",
            "sora": "sora",
            "sund": "sund",
            "takr": "takr",
            "talu": "talu",
            "taml": "الأرقام التاميلية التقليدية",
            "tamldec": "الأرقام التاميلية",
            "telu": "الأرقام التيلوغوية",
            "thai": "الأرقام التايلاندية",
            "tibt": "الأرقام التبتية",
            "tirh": "tirh",
            "traditional": "أرقام تقليدية",
            "vaii": "أرقام فاي",
            "wara": "wara",
            "wcho": "wcho"
          }
        },
        "codePatterns": {
          "language": "اللغة: {0}",
          "script": "نظام الكتابة: {0}",
          "territory": "المنطقة: {0}"
        }
      }
    }
  }
}
