{
  "main": {
    "am": {
      "identity": {
        "version": {
          "_cldrVersion": "39"
        },
        "language": "am"
      },
      "dates": {
        "calendars": {
          "gregorian": {
            "months": {
              "format": {
                "abbreviated": {
                  "1": "ጃንዩ",
                  "2": "ፌብሩ",
                  "3": "ማርች",
                  "4": "ኤፕሪ",
                  "5": "ሜይ",
                  "6": "ጁን",
                  "7": "ጁላይ",
                  "8": "ኦገስ",
                  "9": "ሴፕቴ",
                  "10": "ኦክቶ",
                  "11": "ኖቬም",
                  "12": "ዲሴም"
                },
                "narrow": {
                  "1": "ጃ",
                  "2": "ፌ",
                  "3": "ማ",
                  "4": "ኤ",
                  "5": "ሜ",
                  "6": "ጁ",
                  "7": "ጁ",
                  "8": "ኦ",
                  "9": "ሴ",
                  "10": "ኦ",
                  "11": "ኖ",
                  "12": "ዲ"
                },
                "wide": {
                  "1": "ጃንዩወሪ",
                  "2": "ፌብሩወሪ",
                  "3": "ማርች",
                  "4": "ኤፕሪል",
                  "5": "ሜይ",
                  "6": "ጁን",
                  "7": "ጁላይ",
                  "8": "ኦገስት",
                  "9": "ሴፕቴምበር",
                  "10": "ኦክቶበር",
                  "11": "ኖቬምበር",
                  "12": "ዲሴምበር"
                }
              },
              "stand-alone": {
                "abbreviated": {
                  "1": "ጃንዩ",
                  "2": "ፌብሩ",
                  "3": "ማርች",
                  "4": "ኤፕሪ",
                  "5": "ሜይ",
                  "6": "ጁን",
                  "7": "ጁላይ",
                  "8": "ኦገስ",
                  "9": "ሴፕቴ",
                  "10": "ኦክቶ",
                  "11": "ኖቬም",
                  "12": "ዲሴም"
                },
                "narrow": {
                  "1": "ጃ",
                  "2": "ፌ",
                  "3": "ማ",
                  "4": "ኤ",
                  "5": "ሜ",
                  "6": "ጁ",
                  "7": "ጁ",
                  "8": "ኦ",
                  "9": "ሴ",
                  "10": "ኦ",
                  "11": "ኖ",
                  "12": "ዲ"
                },
                "wide": {
                  "1": "ጃንዩወሪ",
                  "2": "ፌብሩወሪ",
                  "3": "ማርች",
                  "4": "ኤፕሪል",
                  "5": "ሜይ",
                  "6": "ጁን",
                  "7": "ጁላይ",
                  "8": "ኦገስት",
                  "9": "ሴፕቴምበር",
                  "10": "ኦክቶበር",
                  "11": "ኖቬምበር",
                  "12": "ዲሴምበር"
                }
              }
            },
            "days": {
              "format": {
                "abbreviated": {
                  "sun": "እሑድ",
                  "mon": "ሰኞ",
                  "tue": "ማክሰ",
                  "wed": "ረቡዕ",
                  "thu": "ሐሙስ",
                  "fri": "ዓርብ",
                  "sat": "ቅዳሜ"
                },
                "narrow": {
                  "sun": "እ",
                  "mon": "ሰ",
                  "tue": "ማ",
                  "wed": "ረ",
                  "thu": "ሐ",
                  "fri": "ዓ",
                  "sat": "ቅ"
                },
                "short": {
                  "sun": "እ",
                  "mon": "ሰ",
                  "tue": "ማ",
                  "wed": "ረ",
                  "thu": "ሐ",
                  "fri": "ዓ",
                  "sat": "ቅ"
                },
                "wide": {
                  "sun": "እሑድ",
                  "mon": "ሰኞ",
                  "tue": "ማክሰኞ",
                  "wed": "ረቡዕ",
                  "thu": "ሐሙስ",
                  "fri": "ዓርብ",
                  "sat": "ቅዳሜ"
                }
              },
              "stand-alone": {
                "abbreviated": {
                  "sun": "እሑድ",
                  "mon": "ሰኞ",
                  "tue": "ማክሰ",
                  "wed": "ረቡዕ",
                  "thu": "ሐሙስ",
                  "fri": "ዓርብ",
                  "sat": "ቅዳሜ"
                },
                "narrow": {
                  "sun": "እ",
                  "mon": "ሰ",
                  "tue": "ማ",
                  "wed": "ረ",
                  "thu": "ሐ",
                  "fri": "ዓ",
                  "sat": "ቅ"
                },
                "short": {
                  "sun": "እ",
                  "mon": "ሰ",
                  "tue": "ማ",
                  "wed": "ረ",
                  "thu": "ሐ",
                  "fri": "ዓ",
                  "sat": "ቅ"
                },
                "wide": {
                  "sun": "እሑድ",
                  "mon": "ሰኞ",
                  "tue": "ማክሰኞ",
                  "wed": "ረቡዕ",
                  "thu": "ሐሙስ",
                  "fri": "ዓርብ",
                  "sat": "ቅዳሜ"
                }
              }
            },
            "quarters": {
              "format": {
                "abbreviated": {
                  "1": "ሩብ1",
                  "2": "ሩብ2",
                  "3": "ሩብ3",
                  "4": "ሩብ4"
                },
                "narrow": {
                  "1": "1",
                  "2": "2",
                  "3": "3",
                  "4": "4"
                },
                "wide": {
                  "1": "1ኛው ሩብ",
                  "2": "2ኛው ሩብ",
                  "3": "3ኛው ሩብ",
                  "4": "4ኛው ሩብ"
                }
              },
              "stand-alone": {
                "abbreviated": {
                  "1": "ሩብ1",
                  "2": "ሩብ2",
                  "3": "ሩብ3",
                  "4": "ሩብ4"
                },
                "narrow": {
                  "1": "1",
                  "2": "2",
                  "3": "3",
                  "4": "4"
                },
                "wide": {
                  "1": "1ኛው ሩብ",
                  "2": "2ኛው ሩብ",
                  "3": "3ኛው ሩብ",
                  "4": "4ኛው ሩብ"
                }
              }
            },
            "dayPeriods": {
              "format": {
                "abbreviated": {
                  "midnight": "እኩለ ሌሊት",
                  "am": "ጥዋት",
                  "noon": "ቀትር",
                  "pm": "ከሰዓት",
                  "morning1": "ጥዋት1",
                  "afternoon1": "ከሰዓት 7",
                  "evening1": "ማታ1",
                  "night1": "ሌሊት1"
                },
                "narrow": {
                  "midnight": "እኩለ ሌሊት",
                  "am": "ጠ",
                  "noon": "ቀ",
                  "pm": "ከ",
                  "morning1": "ጥዋት1",
                  "afternoon1": "ከሰዓት1",
                  "evening1": "ማታ1",
                  "night1": "ሌሊት1"
                },
                "wide": {
                  "midnight": "እኩለ ሌሊት",
                  "am": "ጥዋት",
                  "noon": "ቀትር",
                  "pm": "ከሰዓት",
                  "morning1": "ጥዋት1",
                  "afternoon1": "ከሰዓት 7 ሰዓት",
                  "evening1": "ማታ1",
                  "night1": "ሌሊት1"
                }
              },
              "stand-alone": {
                "abbreviated": {
                  "midnight": "እኩለ ሌሊት",
                  "am": "ጥዋት",
                  "noon": "ቀትር",
                  "pm": "ከሰዓት",
                  "morning1": "ጥዋት1",
                  "afternoon1": "ከሰዓት በኋላ",
                  "evening1": "ማታ",
                  "night1": "ሌሊት"
                },
                "narrow": {
                  "midnight": "እኩለ ሌሊት",
                  "am": "ጠ",
                  "noon": "ቀትር",
                  "pm": "ከ",
                  "morning1": "ጥዋት",
                  "afternoon1": "ከሰዓት በኋላ",
                  "evening1": "ማታ",
                  "night1": "ሌሊት"
                },
                "wide": {
                  "midnight": "እኩለ ሌሊት",
                  "am": "ጥዋት",
                  "noon": "ቀትር",
                  "pm": "ከሰዓት",
                  "morning1": "ጥዋት1",
                  "afternoon1": "ከሰዓት በኋላ",
                  "evening1": "ማታ",
                  "night1": "ሌሊት"
                }
              }
            },
            "eras": {
              "eraNames": {
                "0": "ዓመተ ዓለም",
                "0-alt-variant": "ዓ/ዓ",
                "1": "ዓመተ ምሕረት",
                "1-alt-variant": "ዓ/ም"
              },
              "eraAbbr": {
                "0": "ዓ/ዓ",
                "0-alt-variant": "ዓ/ዓ",
                "1": "ዓ/ም",
                "1-alt-variant": "CE"
              },
              "eraNarrow": {
                "0": "ዓ/ዓ",
                "0-alt-variant": "ዓ/ዓ",
                "1": "ዓ/ም",
                "1-alt-variant": "CE"
              }
            },
            "dateFormats": {
              "full": "y MMMM d, EEEE",
              "long": "d MMMM y",
              "medium": "d MMM y",
              "short": "dd/MM/y"
            },
            "timeFormats": {
              "full": "h:mm:ss a zzzz",
              "long": "h:mm:ss a z",
              "medium": "h:mm:ss a",
              "short": "h:mm a"
            },
            "dateTimeFormats": {
              "full": "{1} {0}",
              "long": "{1} {0}",
              "medium": "{1} {0}",
              "short": "{1} {0}",
              "availableFormats": {
                "Bh": "h B",
                "Bhm": "h:mm B",
                "Bhms": "h:mm:ss B",
                "d": "d",
                "E": "ccc",
                "EBhm": "E h:mm B",
                "EBhms": "E h:mm:ss B",
                "Ed": "E d",
                "Ehm": "E h:mm a",
                "EHm": "E HH:mm",
                "Ehms": "E h:mm:ss a",
                "EHms": "E HH:mm:ss",
                "Gy": "y G",
                "GyMMM": "MMM y G",
                "GyMMMd": "G y MMM d",
                "GyMMMEd": "G y MMM d, E",
                "h": "h a",
                "H": "H",
                "hm": "h:mm a",
                "Hm": "HH:mm",
                "hms": "h:mm:ss a",
                "Hms": "HH:mm:ss",
                "hmsv": "h:mm:ss a v",
                "Hmsv": "HH:mm:ss v",
                "hmv": "h:mm a v",
                "Hmv": "HH:mm v",
                "M": "L",
                "Md": "M/d",
                "MEd": "E፣ M/d",
                "MMM": "LLL",
                "MMMd": "MMM d",
                "MMMEd": "E፣ MMM d",
                "MMMMd": "MMMM d",
                "MMMMEd": "E፣ MMMM d",
                "MMMMW-count-one": "ሳምንት W የ MMMM",
                "MMMMW-count-other": "ሳምንት W የ MMMM",
                "ms": "mm:ss",
                "y": "y",
                "yM": "M/y",
                "yMd": "d/M/y",
                "yMEd": "E፣ d/M/y",
                "yMMM": "MMM y",
                "yMMMd": "d MMM y",
                "yMMMEd": "E፣ MMM d y",
                "yMMMM": "MMMM y",
                "yQQQ": "QQQ y",
                "yQQQQ": "QQQQ y",
                "yw-count-one": "'week' w 'of' Y",
                "yw-count-other": "'week' w 'of' Y"
              },
              "appendItems": {
                "Day": "{0} ({2}: {1})",
                "Day-Of-Week": "{0} {1}",
                "Era": "{1} {0}",
                "Hour": "{0} ({2}: {1})",
                "Minute": "{0} ({2}: {1})",
                "Month": "{0} ({2}: {1})",
                "Quarter": "{0} ({2}: {1})",
                "Second": "{0} ({2}: {1})",
                "Timezone": "{0} {1}",
                "Week": "{0} ({2}: {1})",
                "Year": "{1} {0}"
              },
              "intervalFormats": {
                "intervalFormatFallback": "{0} – {1}",
                "Bh": {
                  "B": "h B – h B",
                  "h": "h–h B"
                },
                "Bhm": {
                  "B": "h:mm B – h:mm B",
                  "h": "h:mm–h:mm B",
                  "m": "h:mm–h:mm B"
                },
                "d": {
                  "d": "d–d"
                },
                "Gy": {
                  "G": "G y – G y",
                  "y": "G y–y"
                },
                "GyM": {
                  "G": "GGGGG M/y – GGGGG M/y",
                  "M": "GGGGG M/y – M/y",
                  "y": "GGGGG M/y – M/y"
                },
                "GyMd": {
                  "d": "GGGGG d/M/y – d/M/y",
                  "G": "GGGGG d/M/y – GGGGG d/M/y",
                  "M": "GGGGG d/M/y – d/M/y",
                  "y": "GGGGG d/M/y – d/M/y"
                },
                "GyMEd": {
                  "d": "GGGGG y-MM-dd, E – y-MM-dd, E",
                  "G": "GGGGG y-MM-dd, E – GGGGG y-MM-dd, E",
                  "M": "GGGGG y-MM-dd, E – y-MM-dd, E",
                  "y": "GGGGG y-MM-dd, E – y-MM-dd, E"
                },
                "GyMMM": {
                  "G": "G MMM y – G MMM y",
                  "M": "G MMM–MMM፣ y",
                  "y": "G MMM y – MMM y"
                },
                "GyMMMd": {
                  "d": "G MMM d–d፣ y",
                  "G": "G MMM d፣ y – G MMM d፣ y",
                  "M": "G MMM d – MMM d፣ y",
                  "y": "G MMM d፣ y – MMM d፣ y"
                },
                "GyMMMEd": {
                  "d": "G E MMM d – E MMM d፣ y",
                  "G": "G E፣ MMM d፣ y – G E፣ MMM d፣ y",
                  "M": "G E MMM d፣ y – E MMM d",
                  "y": "G E፣ MMM d፣ y – E፣ MMM d፣ y"
                },
                "h": {
                  "a": "h a – h a",
                  "h": "h – h a"
                },
                "H": {
                  "H": "HH–HH"
                },
                "hm": {
                  "a": "h:mm a – h:mm a",
                  "h": "h:mm – h:mm a",
                  "m": "h:mm – h:mm a"
                },
                "Hm": {
                  "H": "HH:mm–HH:mm",
                  "m": "HH:mm–HH:mm"
                },
                "hmv": {
                  "a": "h:mm a – h:mm a v",
                  "h": "h:mm – h:mm a v",
                  "m": "h:mm – h:mm a v"
                },
                "Hmv": {
                  "H": "HH:mm–HH:mm v",
                  "m": "HH:mm–HH:mm v"
                },
                "hv": {
                  "a": "h a – h a v",
                  "h": "h – h a v"
                },
                "Hv": {
                  "H": "HH–HH v"
                },
                "M": {
                  "M": "M–M"
                },
                "Md": {
                  "d": "d–d/M",
                  "M": "d/M – d/M"
                },
                "MEd": {
                  "d": "E d/M – E d/M",
                  "M": "E፣ d/M – E፣ d/M"
                },
                "MMM": {
                  "M": "MMM–MMM"
                },
                "MMMd": {
                  "d": "MMM d–d",
                  "M": "MMM d – MMM d"
                },
                "MMMEd": {
                  "d": "E d – E d፣ MMM",
                  "M": "MMM d, E – MMM d, E"
                },
                "y": {
                  "y": "y–y"
                },
                "yM": {
                  "M": "M/y – M/y",
                  "y": "M/y – M/y"
                },
                "yMd": {
                  "d": "d/M/y – d/M/y",
                  "M": "d/M/y – d/M/y",
                  "y": "d/M/y – d/M/y"
                },
                "yMEd": {
                  "d": "y-MM-dd, E – y-MM-dd, E",
                  "M": "E d/M/ – E d/M፣ y",
                  "y": "E፣ d/M/y – E፣ d/M/y"
                },
                "yMMM": {
                  "M": "MMM–MMM፣ y",
                  "y": "MMM y – MMM y"
                },
                "yMMMd": {
                  "d": "MMM d–d፣ y",
                  "M": "MMM d – MMM d፣ y",
                  "y": "MMM d፣ y – MMM d፣ y"
                },
                "yMMMEd": {
                  "d": "E MMM d – E MMM d፣ y",
                  "M": "E MMM d – E MMM d፣ y",
                  "y": "E፣ MMM d፣ y – E፣ MMM d፣ y"
                },
                "yMMMM": {
                  "M": "MMMM–MMMM y",
                  "y": "MMMM y – MMMM y"
                }
              }
            }
          }
        }
      }
    }
  }
}
