{
  "main": {
    "am": {
      "identity": {
        "version": {
          "_cldrVersion": "37"
        },
        "language": "am"
      },
      "dates": {
        "fields": {
          "era": {
            "displayName": "ዘመን"
          },
          "era-short": {
            "displayName": "ዘመን"
          },
          "era-narrow": {
            "displayName": "ዘመን"
          },
          "year": {
            "displayName": "ዓመት",
            "relative-type--1": "ያለፈው ዓመት",
            "relative-type-0": "በዚህ ዓመት",
            "relative-type-1": "የሚቀጥለው ዓመት",
            "relativeTime-type-future": {
              "relativeTimePattern-count-one": "በ{0} ዓመታት ውስጥ",
              "relativeTimePattern-count-other": "በ{0} ዓመታት ውስጥ"
            },
            "relativeTime-type-past": {
              "relativeTimePattern-count-one": "ከ{0} ዓመት በፊት",
              "relativeTimePattern-count-other": "ከ{0} ዓመታት በፊት"
            }
          },
          "year-short": {
            "displayName": "ዓመት",
            "relative-type--1": "ያለፈው ዓመት",
            "relative-type-0": "በዚህ ዓመት",
            "relative-type-1": "የሚቀጥለው ዓመት",
            "relativeTime-type-future": {
              "relativeTimePattern-count-one": "በ{0} ዓመታት ውስጥ",
              "relativeTimePattern-count-other": "በ{0} ዓመታት ውስጥ"
            },
            "relativeTime-type-past": {
              "relativeTimePattern-count-one": "ከ{0} ዓመታት በፊት",
              "relativeTimePattern-count-other": "ከ{0} ዓመታት በፊት"
            }
          },
          "year-narrow": {
            "displayName": "ዓመት",
            "relative-type--1": "ያለፈው ዓመት",
            "relative-type-0": "በዚህ ዓመት",
            "relative-type-1": "የሚቀጥለው ዓመት",
            "relativeTime-type-future": {
              "relativeTimePattern-count-one": "በ{0} ዓመታት ውስጥ",
              "relativeTimePattern-count-other": "በ{0} ዓመታት ውስጥ"
            },
            "relativeTime-type-past": {
              "relativeTimePattern-count-one": "ከ{0} ዓመታት በፊት",
              "relativeTimePattern-count-other": "ከ{0} ዓመታት በፊት"
            }
          },
          "quarter": {
            "displayName": "ሩብ",
            "relative-type--1": "የመጨረሻው ሩብ",
            "relative-type-0": "ይህ ሩብ",
            "relative-type-1": "የሚቀጥለው ሩብ",
            "relativeTime-type-future": {
              "relativeTimePattern-count-one": "+{0} ሩብ",
              "relativeTimePattern-count-other": "+{0} ሩብ"
            },
            "relativeTime-type-past": {
              "relativeTimePattern-count-one": "{0} ሩብ በፊት",
              "relativeTimePattern-count-other": "{0} ሩብ በፊት"
            }
          },
          "quarter-short": {
            "displayName": "ሩብ",
            "relative-type--1": "የመጨረሻው ሩብ",
            "relative-type-0": "ይህ ሩብ",
            "relative-type-1": "የሚቀጥለው ሩብ",
            "relativeTime-type-future": {
              "relativeTimePattern-count-one": "+{0} ሩብ",
              "relativeTimePattern-count-other": "+{0} ሩብ"
            },
            "relativeTime-type-past": {
              "relativeTimePattern-count-one": "{0} ሩብ በፊት",
              "relativeTimePattern-count-other": "{0} ሩብ በፊት"
            }
          },
          "quarter-narrow": {
            "displayName": "ሩብ",
            "relative-type--1": "የመጨረሻው ሩብ",
            "relative-type-0": "ይህ ሩብ",
            "relative-type-1": "የሚቀጥለው ሩብ",
            "relativeTime-type-future": {
              "relativeTimePattern-count-one": "+{0} ሩብ",
              "relativeTimePattern-count-other": "+{0} ሩብ"
            },
            "relativeTime-type-past": {
              "relativeTimePattern-count-one": "{0} ሩብ በፊት",
              "relativeTimePattern-count-other": "{0} ሩብ በፊት"
            }
          },
          "month": {
            "displayName": "ወር",
            "relative-type--1": "ያለፈው ወር",
            "relative-type-0": "በዚህ ወር",
            "relative-type-1": "የሚቀጥለው ወር",
            "relativeTime-type-future": {
              "relativeTimePattern-count-one": "በ{0} ወር ውስጥ",
              "relativeTimePattern-count-other": "በ{0} ወራት ውስጥ"
            },
            "relativeTime-type-past": {
              "relativeTimePattern-count-one": "ከ{0} ወር በፊት",
              "relativeTimePattern-count-other": "ከ{0} ወራት በፊት"
            }
          },
          "month-short": {
            "displayName": "ወር",
            "relative-type--1": "ያለፈው ወር",
            "relative-type-0": "በዚህ ወር",
            "relative-type-1": "የሚቀጥለው ወር",
            "relativeTime-type-future": {
              "relativeTimePattern-count-one": "በ{0} ወራት ውስጥ",
              "relativeTimePattern-count-other": "በ{0} ወራት ውስጥ"
            },
            "relativeTime-type-past": {
              "relativeTimePattern-count-one": "ከ{0} ወራት በፊት",
              "relativeTimePattern-count-other": "ከ{0} ወራት በፊት"
            }
          },
          "month-narrow": {
            "displayName": "ወር",
            "relative-type--1": "ያለፈው ወር",
            "relative-type-0": "በዚህ ወር",
            "relative-type-1": "የሚቀጥለው ወር",
            "relativeTime-type-future": {
              "relativeTimePattern-count-one": "በ{0} ወራት ውስጥ",
              "relativeTimePattern-count-other": "በ{0} ወራት ውስጥ"
            },
            "relativeTime-type-past": {
              "relativeTimePattern-count-one": "ከ{0} ወራት በፊት",
              "relativeTimePattern-count-other": "ከ{0} ወራት በፊት"
            }
          },
          "week": {
            "displayName": "ሳምንት",
            "relative-type--1": "ያለፈው ሳምንት",
            "relative-type-0": "በዚህ ሳምንት",
            "relative-type-1": "የሚቀጥለው ሳምንት",
            "relativeTime-type-future": {
              "relativeTimePattern-count-one": "በ{0} ሳምንት ውስጥ",
              "relativeTimePattern-count-other": "በ{0} ሳምንታት ውስጥ"
            },
            "relativeTime-type-past": {
              "relativeTimePattern-count-one": "ከ{0} ሳምንት በፊት",
              "relativeTimePattern-count-other": "ከ{0} ሳምንታት በፊት"
            },
            "relativePeriod": "{0} ሳምንት"
          },
          "week-short": {
            "displayName": "ሳምንት",
            "relative-type--1": "ባለፈው ሳምንት",
            "relative-type-0": "በዚህ ሣምንት",
            "relative-type-1": "የሚቀጥለው ሳምንት",
            "relativeTime-type-future": {
              "relativeTimePattern-count-one": "በ{0} ሳምንታት ውስጥ",
              "relativeTimePattern-count-other": "በ{0} ሳምንታት ውስጥ"
            },
            "relativeTime-type-past": {
              "relativeTimePattern-count-one": "ከ{0} ሳምንታት በፊት",
              "relativeTimePattern-count-other": "ከ{0} ሳምንታት በፊት"
            },
            "relativePeriod": "{0} ሳምንት"
          },
          "week-narrow": {
            "displayName": "ሳምንት",
            "relative-type--1": "ባለፈው ሳምንት",
            "relative-type-0": "በዚህ ሣምንት",
            "relative-type-1": "የሚቀጥለው ሳምንት",
            "relativeTime-type-future": {
              "relativeTimePattern-count-one": "በ{0} ሳምንታት ውስጥ",
              "relativeTimePattern-count-other": "በ{0} ሳምንታት ውስጥ"
            },
            "relativeTime-type-past": {
              "relativeTimePattern-count-one": "ከ{0} ሳምንታት በፊት",
              "relativeTimePattern-count-other": "ከ{0} ሳምንታት በፊት"
            },
            "relativePeriod": "{0} ሳምንት"
          },
          "weekOfMonth": {
            "displayName": "የወሩ ሳምንት"
          },
          "weekOfMonth-short": {
            "displayName": "የወሩ ሳምንት"
          },
          "weekOfMonth-narrow": {
            "displayName": "የወሩ ሳምንት"
          },
          "day": {
            "displayName": "ቀን",
            "relative-type--2": "ከትናንት ወዲያ",
            "relative-type--1": "ትናንት",
            "relative-type-0": "ዛሬ",
            "relative-type-1": "ነገ",
            "relative-type-2": "ከነገ ወዲያ",
            "relativeTime-type-future": {
              "relativeTimePattern-count-one": "በ{0} ቀን ውስጥ",
              "relativeTimePattern-count-other": "በ{0} ቀናት ውስጥ"
            },
            "relativeTime-type-past": {
              "relativeTimePattern-count-one": "ከ{0} ቀን በፊት",
              "relativeTimePattern-count-other": "ከ{0} ቀናት በፊት"
            }
          },
          "day-short": {
            "displayName": "ቀን",
            "relative-type--2": "ከትናንት ወዲያ",
            "relative-type--1": "ትላንትና",
            "relative-type-0": "ዛሬ",
            "relative-type-1": "ነገ",
            "relative-type-2": "ከነገ ወዲያ",
            "relativeTime-type-future": {
              "relativeTimePattern-count-one": "በ{0} ቀን ውስጥ",
              "relativeTimePattern-count-other": "በ{0} ቀኖች ውስጥ"
            },
            "relativeTime-type-past": {
              "relativeTimePattern-count-one": "ከ {0} ቀን በፊት",
              "relativeTimePattern-count-other": "ከ{0} ቀኖች በፊት"
            }
          },
          "day-narrow": {
            "displayName": "ቀን",
            "relative-type--2": "ከትናንት ወዲያ",
            "relative-type--1": "ትላንትና",
            "relative-type-0": "ዛሬ",
            "relative-type-1": "ነገ",
            "relative-type-2": "ከነገ ወዲያ",
            "relativeTime-type-future": {
              "relativeTimePattern-count-one": "በ{0} ቀን ውስጥ",
              "relativeTimePattern-count-other": "በ{0} ቀኖች ውስጥ"
            },
            "relativeTime-type-past": {
              "relativeTimePattern-count-one": "ከ {0} ቀን በፊት",
              "relativeTimePattern-count-other": "ከ{0} ቀኖች በፊት"
            }
          },
          "dayOfYear": {
            "displayName": "የዓመቱ ቀን"
          },
          "dayOfYear-short": {
            "displayName": "የዓመቱ ቀን"
          },
          "dayOfYear-narrow": {
            "displayName": "የዓመቱ ቀን"
          },
          "weekday": {
            "displayName": "አዘቦት"
          },
          "weekday-short": {
            "displayName": "አዘቦት"
          },
          "weekday-narrow": {
            "displayName": "አዘቦት"
          },
          "weekdayOfMonth": {
            "displayName": "የወሩ የሳምንት ቀን"
          },
          "weekdayOfMonth-short": {
            "displayName": "የወሩ የሳምንት ቀን"
          },
          "weekdayOfMonth-narrow": {
            "displayName": "የወሩ የሳምንት ቀን"
          },
          "sun": {
            "relative-type--1": "ያለፈው እሑድ",
            "relative-type-0": "የአሁኑ እሑድ",
            "relative-type-1": "የሚቀጥለው እሑድ",
            "relativeTime-type-future": {
              "relativeTimePattern-count-one": "በ{0} እሑድ ውስጥ",
              "relativeTimePattern-count-other": "በ{0} እሑዶች ውስጥ"
            },
            "relativeTime-type-past": {
              "relativeTimePattern-count-one": "ከ{0} እሑድ በፊት",
              "relativeTimePattern-count-other": "ከ{0} እሑዶች በፊት"
            }
          },
          "sun-short": {
            "relative-type--1": "ያለፈው እሑድ",
            "relative-type-0": "የአሁኑ እሑድ",
            "relative-type-1": "የሚቀጥለው እሑድ",
            "relativeTime-type-future": {
              "relativeTimePattern-count-one": "በ{0} እሑዶች ውስጥ",
              "relativeTimePattern-count-other": "በ{0} እሑዶች ውስጥ"
            },
            "relativeTime-type-past": {
              "relativeTimePattern-count-one": "ከ{0} እሑዶች በፊት",
              "relativeTimePattern-count-other": "ከ{0} እሑዶች በፊት"
            }
          },
          "sun-narrow": {
            "relative-type--1": "ያለፈው እሑድ",
            "relative-type-0": "የአሁኑ እሑድ",
            "relative-type-1": "የሚቀጥለው እሑድ",
            "relativeTime-type-future": {
              "relativeTimePattern-count-one": "በ{0} እሑዶች ውስጥ",
              "relativeTimePattern-count-other": "በ{0} እሑዶች ውስጥ"
            },
            "relativeTime-type-past": {
              "relativeTimePattern-count-one": "ከ{0} እሑዶች በፊት",
              "relativeTimePattern-count-other": "ከ{0} እሑዶች በፊት"
            }
          },
          "mon": {
            "relative-type--1": "ያለፈው ሰኞ",
            "relative-type-0": "የአሁኑ ሰኞ",
            "relative-type-1": "የሚቀጥለው ሰኞ",
            "relativeTime-type-future": {
              "relativeTimePattern-count-one": "በ{0} ሰኞ ውስጥ",
              "relativeTimePattern-count-other": "በ{0} ሰኞዎች ውስጥ"
            },
            "relativeTime-type-past": {
              "relativeTimePattern-count-one": "ከ{0} ሰኞ በፊት",
              "relativeTimePattern-count-other": "ከ{0} ሰኞዎች በፊት"
            }
          },
          "mon-short": {
            "relative-type--1": "ያለፈው ሰኞ",
            "relative-type-0": "የአሁኑ ሰኞ",
            "relative-type-1": "የሚቀጥለው ሰኞ",
            "relativeTime-type-future": {
              "relativeTimePattern-count-one": "በ{0} ሰኞዎች ውስጥ",
              "relativeTimePattern-count-other": "በ{0} ሰኞዎች ውስጥ"
            },
            "relativeTime-type-past": {
              "relativeTimePattern-count-one": "ከ{0} ሰኞዎች በፊት",
              "relativeTimePattern-count-other": "ከ{0} ሰኞዎች በፊት"
            }
          },
          "mon-narrow": {
            "relative-type--1": "ያለፈው ሰኞ",
            "relative-type-0": "የአሁኑ ሰኞ",
            "relative-type-1": "የሚቀጥለው ሰኞ",
            "relativeTime-type-future": {
              "relativeTimePattern-count-one": "በ{0} ሰኞዎች ውስጥ",
              "relativeTimePattern-count-other": "በ{0} ሰኞዎች ውስጥ"
            },
            "relativeTime-type-past": {
              "relativeTimePattern-count-one": "ከ{0} ሰኞዎች በፊት",
              "relativeTimePattern-count-other": "ከ{0} ሰኞዎች በፊት"
            }
          },
          "tue": {
            "relative-type--1": "ያለፈው ማክሰኞ",
            "relative-type-0": "የአሁኑ ማክሰኞ",
            "relative-type-1": "የሚቀጥለው ማክሰኞ",
            "relativeTime-type-future": {
              "relativeTimePattern-count-one": "በ{0} ማክሰኞ ውስጥ",
              "relativeTimePattern-count-other": "በ{0} ማክሰኞዎች ውስጥ"
            },
            "relativeTime-type-past": {
              "relativeTimePattern-count-one": "ከ{0} ማክሰኞ በፊት",
              "relativeTimePattern-count-other": "ከ{0} ማክሰኞዎች በፊት"
            }
          },
          "tue-short": {
            "relative-type--1": "ያለፈው ማክሰኞ",
            "relative-type-0": "የአሁኑ ማክሰኞ",
            "relative-type-1": "የሚቀጥለው ማክሰኞ",
            "relativeTime-type-future": {
              "relativeTimePattern-count-one": "በ{0} ማክሰኞዎች ውስጥ",
              "relativeTimePattern-count-other": "በ{0} ማክሰኞዎች ውስጥ"
            },
            "relativeTime-type-past": {
              "relativeTimePattern-count-one": "ከ{0} ማክሰኞዎች በፊት",
              "relativeTimePattern-count-other": "ከ{0} ማክሰኞዎች በፊት"
            }
          },
          "tue-narrow": {
            "relative-type--1": "ያለፈው ማክሰኞ",
            "relative-type-0": "የአሁኑ ማክሰኞ",
            "relative-type-1": "የሚቀጥለው ማክሰኞ",
            "relativeTime-type-future": {
              "relativeTimePattern-count-one": "በ{0} ማክሰኞዎች ውስጥ",
              "relativeTimePattern-count-other": "በ{0} ማክሰኞዎች ውስጥ"
            },
            "relativeTime-type-past": {
              "relativeTimePattern-count-one": "ከ{0} ማክሰኞዎች በፊት",
              "relativeTimePattern-count-other": "ከ{0} ማክሰኞዎች በፊት"
            }
          },
          "wed": {
            "relative-type--1": "ያለፈው ረቡዕ",
            "relative-type-0": "የአሁኑ ረቡዕ",
            "relative-type-1": "የሚቀጥለው ረቡዕ",
            "relativeTime-type-future": {
              "relativeTimePattern-count-one": "በ{0} ረቡዕ ውስጥ",
              "relativeTimePattern-count-other": "በ{0} ረቡዕዎች ውስጥ"
            },
            "relativeTime-type-past": {
              "relativeTimePattern-count-one": "ከ{0} ረቡዕ በፊት",
              "relativeTimePattern-count-other": "ከ{0} ረቡዕዎች በፊት"
            }
          },
          "wed-short": {
            "relative-type--1": "ያለፈው ረቡዕ",
            "relative-type-0": "የአሁኑ ረቡዕ",
            "relative-type-1": "የሚቀጥለው ረቡዕ",
            "relativeTime-type-future": {
              "relativeTimePattern-count-one": "በ{0} ረቡዕዎች ውስጥ",
              "relativeTimePattern-count-other": "በ{0} ረቡዕዎች ውስጥ"
            },
            "relativeTime-type-past": {
              "relativeTimePattern-count-one": "ከ{0} ረቡዕዎች በፊት",
              "relativeTimePattern-count-other": "ከ{0} ረቡዕዎች በፊት"
            }
          },
          "wed-narrow": {
            "relative-type--1": "ያለፈው ረቡዕ",
            "relative-type-0": "የአሁኑ ረቡዕ",
            "relative-type-1": "የሚቀጥለው ረቡዕ",
            "relativeTime-type-future": {
              "relativeTimePattern-count-one": "በ{0} ረቡዕዎች ውስጥ",
              "relativeTimePattern-count-other": "በ{0} ረቡዕዎች ውስጥ"
            },
            "relativeTime-type-past": {
              "relativeTimePattern-count-one": "ከ{0} ረቡዕዎች በፊት",
              "relativeTimePattern-count-other": "ከ{0} ረቡዕዎች በፊት"
            }
          },
          "thu": {
            "relative-type--1": "ያለፈው ሐሙስ",
            "relative-type-0": "የአሁኑ ሐሙስ",
            "relative-type-1": "የሚቀጥለው ሐሙስ",
            "relativeTime-type-future": {
              "relativeTimePattern-count-one": "በ{0} ሐሙስ ውስጥ",
              "relativeTimePattern-count-other": "በ{0} ሐሙሶች ውስጥ"
            },
            "relativeTime-type-past": {
              "relativeTimePattern-count-one": "ከ{0} ሐሙስ በፊት",
              "relativeTimePattern-count-other": "ከ{0} ሐሙሶች በፊት"
            }
          },
          "thu-short": {
            "relative-type--1": "ያለፈው ሐሙስ",
            "relative-type-0": "የአሁኑ ሐሙስ",
            "relative-type-1": "የሚቀጥለው ሐሙስ",
            "relativeTime-type-future": {
              "relativeTimePattern-count-one": "በ{0} ሐሙሶች ውስጥ",
              "relativeTimePattern-count-other": "በ{0} ሐሙሶች ውስጥ"
            },
            "relativeTime-type-past": {
              "relativeTimePattern-count-one": "ከ{0} ሐሙሶች በፊት",
              "relativeTimePattern-count-other": "ከ{0} ሐሙሶች በፊት"
            }
          },
          "thu-narrow": {
            "relative-type--1": "ያለፈው ሐሙስ",
            "relative-type-0": "የአሁኑ ሐሙስ",
            "relative-type-1": "የሚቀጥለው ሐሙስ",
            "relativeTime-type-future": {
              "relativeTimePattern-count-one": "በ{0} ሐሙሶች ውስጥ",
              "relativeTimePattern-count-other": "በ{0} ሐሙሶች ውስጥ"
            },
            "relativeTime-type-past": {
              "relativeTimePattern-count-one": "ከ{0} ሐሙሶች በፊት",
              "relativeTimePattern-count-other": "ከ{0} ሐሙሶች በፊት"
            }
          },
          "fri": {
            "relative-type--1": "ያለፈው ዓርብ",
            "relative-type-0": "የአሁኑ ዓርብ",
            "relative-type-1": "የሚቀጥለው ዓርብ",
            "relativeTime-type-future": {
              "relativeTimePattern-count-one": "በ{0} ዓርብ ውስጥ",
              "relativeTimePattern-count-other": "በ{0} ዓርብዎች ውስጥ"
            },
            "relativeTime-type-past": {
              "relativeTimePattern-count-one": "ከ{0} ዓርብ በፊት",
              "relativeTimePattern-count-other": "ከ{0} ዓርብዎች በፊት"
            }
          },
          "fri-short": {
            "relative-type--1": "ያለፈው ዓርብ",
            "relative-type-0": "የአሁኑ ዓርብ",
            "relative-type-1": "የሚቀጥለው ዓርብ",
            "relativeTime-type-future": {
              "relativeTimePattern-count-one": "በ{0} ዓርብዎች ውስጥ",
              "relativeTimePattern-count-other": "በ{0} ዓርብዎች ውስጥ"
            },
            "relativeTime-type-past": {
              "relativeTimePattern-count-one": "ከ{0} ዓርብዎች በፊት",
              "relativeTimePattern-count-other": "ከ{0} ዓርብዎች በፊት"
            }
          },
          "fri-narrow": {
            "relative-type--1": "ያለፈው ዓርብ",
            "relative-type-0": "የአሁኑ ዓርብ",
            "relative-type-1": "የሚቀጥለው ዓርብ",
            "relativeTime-type-future": {
              "relativeTimePattern-count-one": "በ{0} ዓርብዎች ውስጥ",
              "relativeTimePattern-count-other": "በ{0} ዓርብዎች ውስጥ"
            },
            "relativeTime-type-past": {
              "relativeTimePattern-count-one": "ከ{0} ዓርብዎች በፊት",
              "relativeTimePattern-count-other": "ከ{0} ዓርብዎች በፊት"
            }
          },
          "sat": {
            "relative-type--1": "ያለፈው ቅዳሜ",
            "relative-type-0": "የአሁኑ ቅዳሜ",
            "relative-type-1": "የሚቀጥለው ቅዳሜ",
            "relativeTime-type-future": {
              "relativeTimePattern-count-one": "በ{0} ቅዳሜ ውስጥ",
              "relativeTimePattern-count-other": "በ{0} ቅዳሜዎች ውስጥ"
            },
            "relativeTime-type-past": {
              "relativeTimePattern-count-one": "ከ{0} ቅዳሜ በፊት",
              "relativeTimePattern-count-other": "ከ{0} ቅዳሜዎች በፊት"
            }
          },
          "sat-short": {
            "relative-type--1": "ያለፈው ቅዳሜ",
            "relative-type-0": "የአሁኑ ቅዳሜ",
            "relative-type-1": "የሚቀጥለው ቅዳሜ",
            "relativeTime-type-future": {
              "relativeTimePattern-count-one": "በ{0} ቅዳሜዎች ውስጥ",
              "relativeTimePattern-count-other": "በ{0} ቅዳሜዎች ውስጥ"
            },
            "relativeTime-type-past": {
              "relativeTimePattern-count-one": "ከ{0} ቅዳሜዎች በፊት",
              "relativeTimePattern-count-other": "ከ{0} ቅዳሜዎች በፊት"
            }
          },
          "sat-narrow": {
            "relative-type--1": "ያለፈው ቅዳሜ",
            "relative-type-0": "የአሁኑ ቅዳሜ",
            "relative-type-1": "የሚቀጥለው ቅዳሜ",
            "relativeTime-type-future": {
              "relativeTimePattern-count-one": "በ{0} ቅዳሜዎች ውስጥ",
              "relativeTimePattern-count-other": "በ{0} ቅዳሜዎች ውስጥ"
            },
            "relativeTime-type-past": {
              "relativeTimePattern-count-one": "ከ{0} ቅዳሜዎች በፊት",
              "relativeTimePattern-count-other": "ከ{0} ቅዳሜዎች በፊት"
            }
          },
          "dayperiod-short": {
            "displayName": "ጥዋት/ከሰዓት"
          },
          "dayperiod": {
            "displayName": "ጥዋት/ከሰዓት"
          },
          "dayperiod-narrow": {
            "displayName": "ጥዋት/ከሰዓት"
          },
          "hour": {
            "displayName": "ሰዓት",
            "relative-type-0": "ይህ ሰዓት",
            "relativeTime-type-future": {
              "relativeTimePattern-count-one": "በ{0} ሰዓት ውስጥ",
              "relativeTimePattern-count-other": "በ{0} ሰዓቶች ውስጥ"
            },
            "relativeTime-type-past": {
              "relativeTimePattern-count-one": "ከ{0} ሰዓት በፊት",
              "relativeTimePattern-count-other": "ከ{0} ሰዓቶች በፊት"
            }
          },
          "hour-short": {
            "displayName": "ሰዓት",
            "relative-type-0": "ይህ ሰዓት",
            "relativeTime-type-future": {
              "relativeTimePattern-count-one": "በ{0} ሰዓት ውስጥ",
              "relativeTimePattern-count-other": "በ{0} ሰዓቶች ውስጥ"
            },
            "relativeTime-type-past": {
              "relativeTimePattern-count-one": "ከ{0} ሰዓት በፊት",
              "relativeTimePattern-count-other": "ከ{0} ሰዓቶች በፊት"
            }
          },
          "hour-narrow": {
            "displayName": "ሰዓት",
            "relative-type-0": "ይህ ሰዓት",
            "relativeTime-type-future": {
              "relativeTimePattern-count-one": "በ{0} ሰዓት ውስጥ",
              "relativeTimePattern-count-other": "በ{0} ሰዓቶች ውስጥ"
            },
            "relativeTime-type-past": {
              "relativeTimePattern-count-one": "ከ{0} ሰዓት በፊት",
              "relativeTimePattern-count-other": "ከ{0} ሰዓቶች በፊት"
            }
          },
          "minute": {
            "displayName": "ደቂቃ",
            "relative-type-0": "ይህ ደቂቃ",
            "relativeTime-type-future": {
              "relativeTimePattern-count-one": "በ{0} ደቂቃ ውስጥ",
              "relativeTimePattern-count-other": "በ{0} ደቂቃዎች ውስጥ"
            },
            "relativeTime-type-past": {
              "relativeTimePattern-count-one": "ከ{0} ደቂቃ በፊት",
              "relativeTimePattern-count-other": "ከ{0} ደቂቃዎች በፊት"
            }
          },
          "minute-short": {
            "displayName": "ደቂቃ",
            "relative-type-0": "ይህ ደቂቃ",
            "relativeTime-type-future": {
              "relativeTimePattern-count-one": "በ{0} ደቂቃ ውስጥ",
              "relativeTimePattern-count-other": "በ{0} ደቂቃዎች ውስጥ"
            },
            "relativeTime-type-past": {
              "relativeTimePattern-count-one": "ከ{0} ደቂቃ በፊት",
              "relativeTimePattern-count-other": "ከ{0} ደቂቃዎች በፊት"
            }
          },
          "minute-narrow": {
            "displayName": "ደቂቃ",
            "relative-type-0": "ይህ ደቂቃ",
            "relativeTime-type-future": {
              "relativeTimePattern-count-one": "በ{0} ደቂቃ ውስጥ",
              "relativeTimePattern-count-other": "በ{0} ደቂቃዎች ውስጥ"
            },
            "relativeTime-type-past": {
              "relativeTimePattern-count-one": "ከ{0} ደቂቃ በፊት",
              "relativeTimePattern-count-other": "ከ{0} ደቂቃዎች በፊት"
            }
          },
          "second": {
            "displayName": "ሰከንድ",
            "relative-type-0": "አሁን",
            "relativeTime-type-future": {
              "relativeTimePattern-count-one": "በ{0} ሰከንድ ውስጥ",
              "relativeTimePattern-count-other": "በ{0} ሰከንዶች ውስጥ"
            },
            "relativeTime-type-past": {
              "relativeTimePattern-count-one": "ከ{0} ሰከንድ በፊት",
              "relativeTimePattern-count-other": "ከ{0} ሰከንዶች በፊት"
            }
          },
          "second-short": {
            "displayName": "ሰከንድ",
            "relative-type-0": "አሁን",
            "relativeTime-type-future": {
              "relativeTimePattern-count-one": "በ{0} ሰከንድ ውስጥ",
              "relativeTimePattern-count-other": "በ{0} ሰከንዶች ውስጥ"
            },
            "relativeTime-type-past": {
              "relativeTimePattern-count-one": "ከ{0} ሰከንድ በፊት",
              "relativeTimePattern-count-other": "ከ{0} ሰከንዶች በፊት"
            }
          },
          "second-narrow": {
            "displayName": "ሰከንድ",
            "relative-type-0": "አሁን",
            "relativeTime-type-future": {
              "relativeTimePattern-count-one": "በ{0} ሰከንድ ውስጥ",
              "relativeTimePattern-count-other": "በ{0} ሰከንዶች ውስጥ"
            },
            "relativeTime-type-past": {
              "relativeTimePattern-count-one": "ከ{0} ሰከንድ በፊት",
              "relativeTimePattern-count-other": "ከ{0} ሰከንዶች በፊት"
            }
          },
          "zone": {
            "displayName": "የሰዓት ሰቅ"
          },
          "zone-short": {
            "displayName": "የሰዓት ሰቅ"
          },
          "zone-narrow": {
            "displayName": "የሰዓት ሰቅ"
          }
        }
      }
    }
  }
}
