{
  "main": {
    "am": {
      "identity": {
        "version": {
          "_cldrVersion": "39"
        },
        "language": "am"
      },
      "typographicNames": {
        "axisNames": {
          "ital": "ኢታሊክ",
          "opsz": "ኦፕቲካል ሳይዝ",
          "slnt": "የተጣመመ",
          "wdth": "ወርድ",
          "wght": "ክብደት"
        },
        "styleNames": {
          "ital-subtype-1": "ቅጥልጥል",
          "opsz-subtype-8": "መግለጫ ጽሑፍ",
          "opsz-subtype-12": "ቴክስት",
          "opsz-subtype-18": "ርእስ",
          "opsz-subtype-72": "ማሳያ",
          "opsz-subtype-144": "ፖስተር",
          "slnt-subtype--12": "ወደኋላ የተጣመመ",
          "slnt-subtype-0": "የተቃና",
          "slnt-subtype-12": "የተጣመመ",
          "slnt-subtype-24": "ተጨማሪ-የተጣመመ",
          "wdth-subtype-50": "እጅግ በጣም የተጠጋጋ",
          "wdth-subtype-50-alt-compressed": "እጅግ በጣም የታመቀ",
          "wdth-subtype-50-alt-narrow": "እጅግ በጣም ጠባብ",
          "wdth-subtype-62.5": "በተጨማሪ-የተጠጋጋ",
          "wdth-subtype-62.5-alt-compressed": "በተጨማሪ-የታመቀ",
          "wdth-subtype-62.5-alt-narrow": "በተጨማሪ-የጠበበ",
          "wdth-subtype-75": "የተጠጋጋ",
          "wdth-subtype-75-alt-compressed": "የታመቀ",
          "wdth-subtype-75-alt-narrow": "ጠባብ",
          "wdth-subtype-87.5": "በከፊል የተጠጋጋ",
          "wdth-subtype-87.5-alt-compressed": "በከፊል የታመቀ",
          "wdth-subtype-87.5-alt-narrow": "በከፊል ጠባብ",
          "wdth-subtype-100": "ኖርማል",
          "wdth-subtype-112.5": "በከፊል የተለጠጠ",
          "wdth-subtype-112.5-alt-extended": "በከፊል የተዘረጋ",
          "wdth-subtype-112.5-alt-wide": "በከፊል ሰፊ",
          "wdth-subtype-125": "የለጠጠ",
          "wdth-subtype-125-alt-extended": "የተዘረጋ",
          "wdth-subtype-125-alt-wide": "ሰፊ",
          "wdth-subtype-150": "በተጨማሪ-የተለጠጠ",
          "wdth-subtype-150-alt-extended": "በተጨማሪ የተዘረጋ",
          "wdth-subtype-150-alt-wide": "በተጨማሪ ሰፊ",
          "wdth-subtype-200": "እጅግ በጣም የለጠጠ",
          "wdth-subtype-200-alt-extended": "እጅግ በጣም የተዘረጋ",
          "wdth-subtype-200-alt-wide": "እጅግ በጣም ሰፊ",
          "wght-subtype-100": "ቀጭን",
          "wght-subtype-200": "በተጨማሪ ቀላል",
          "wght-subtype-200-alt-ultra": "እጅግ በጣም ቀላል",
          "wght-subtype-300": "ቀላል",
          "wght-subtype-350": "በከፊል ቀላል",
          "wght-subtype-380": "መጽሐፍ",
          "wght-subtype-400": "መደበኛ",
          "wght-subtype-500": "መካከለኛ",
          "wght-subtype-600": "በከፊል ደማቅ",
          "wght-subtype-600-alt-demi": "በትንሹ ደማቅ",
          "wght-subtype-700": "ደማቅ",
          "wght-subtype-800": "በተጨማሪ ደማቅ",
          "wght-subtype-900": "ጥቁር",
          "wght-subtype-900-alt-heavy": "ከባድ",
          "wght-subtype-950": "በተጨማሪ ጥቁር",
          "wght-subtype-950-alt-ultrablack": "እጅግ በጣም ጥቁር",
          "wght-subtype-950-alt-ultraheavy": "እጅግ በጣም ከባድ"
        },
        "featureNames": {
          "afrc": "ሽቅብታዊ ክፍልፋይ",
          "cpsp": "ዋና ክፍተት",
          "dlig": "አማራች ሊጋቸሮች",
          "frac": "አግድም ክፍልፋዮች",
          "lnum": "የቁጥሮች ሽፋን",
          "onum": "የድሮ ስትይል አኃዝ",
          "ordn": "ኦርዲናሎች",
          "pnum": "ተመጣጣኝ ቁጥሮች",
          "smcp": "ትናንሽ ካፒታሎች",
          "tnum": "የሰንጠረዥ ቁጥሮች",
          "zero": "እዝባር ያለው ዜሮ"
        }
      }
    }
  }
}
