{
  "main": {
    "en-HK": {
      "identity": {
        "version": {
          "_cldrVersion": "24",
          "_number": "$Revision: 9280 $"
        },
        "generation": {
          "_date": "$Date: 2013-08-27 13:07:13 -0500 (Tue, 27 Aug 2013) $"
        },
        "language": "en",
        "territory": "001"
      },
      "delimiters": {
        "quotationStart": "“",
        "quotationEnd": "”",
        "alternateQuotationStart": "‘",
        "alternateQuotationEnd": "’"
      }
    }
  }
}
