{
  "main": {
    "en-HK": {
      "identity": {
        "version": {
          "_cldrVersion": "24",
          "_number": "$Revision: 9280 $"
        },
        "generation": {
          "_date": "$Date: 2013-08-27 13:07:13 -0500 (Tue, 27 Aug 2013) $"
        },
        "language": "en",
        "territory": "001"
      },
      "localeDisplayNames": {
        "transformNames": {
          "BGN": "BGN",
          "Numeric": "Numeric",
          "Tone": "Tone",
          "UNGEGN": "UNGEGN",
          "x-Accents": "Accents",
          "x-Fullwidth": "Fullwidth",
          "x-Halfwidth": "Halfwidth",
          "x-Jamo": "Jamo",
          "x-Pinyin": "Pinyin",
          "x-Publishing": "Publishing"
        }
      }
    }
  }
}
