{
  "main": {
    "af": {
      "identity": {
        "version": {
          "_cldrVersion": "39"
        },
        "language": "af"
      },
      "typographicNames": {
        "axisNames": {
          "ital": "skuinsdruk",
          "opsz": "optiese grootte",
          "slnt": "skuins",
          "wdth": "wydte",
          "wght": "gewig"
        },
        "styleNames": {
          "ital-subtype-1": "kursief",
          "opsz-subtype-8": "onderskrif",
          "opsz-subtype-12": "teks",
          "opsz-subtype-18": "kantel",
          "opsz-subtype-72": "vertoon",
          "opsz-subtype-144": "plakkaat",
          "slnt-subtype--12": "skuins na agtertoe",
          "slnt-subtype-0": "regop",
          "slnt-subtype-12": "skuins",
          "slnt-subtype-24": "ekstra skuins",
          "wdth-subtype-50": "ultragekondenseerd",
          "wdth-subtype-50-alt-compressed": "ultrasaamgepers",
          "wdth-subtype-50-alt-narrow": "ultranou",
          "wdth-subtype-62.5": "ekstra gekondenseerd",
          "wdth-subtype-62.5-alt-compressed": "ekstra saamgepers",
          "wdth-subtype-62.5-alt-narrow": "ekstra nou",
          "wdth-subtype-75": "gekondenseerd",
          "wdth-subtype-75-alt-compressed": "saamgepers",
          "wdth-subtype-75-alt-narrow": "saamgepers",
          "wdth-subtype-87.5": "semigekondenseerd",
          "wdth-subtype-87.5-alt-compressed": "semisaamgepers",
          "wdth-subtype-87.5-alt-narrow": "seminou",
          "wdth-subtype-100": "normaal",
          "wdth-subtype-112.5": "semi-uitgesit",
          "wdth-subtype-112.5-alt-extended": "semi-uitgebrei",
          "wdth-subtype-112.5-alt-wide": "semiwyd",
          "wdth-subtype-125": "uitgesit",
          "wdth-subtype-125-alt-extended": "uitgebrei",
          "wdth-subtype-125-alt-wide": "wyd",
          "wdth-subtype-150": "ekstra uitgesit",
          "wdth-subtype-150-alt-extended": "ekstra uitgebrei",
          "wdth-subtype-150-alt-wide": "ekstra wyd",
          "wdth-subtype-200": "ultra-uitgesit",
          "wdth-subtype-200-alt-extended": "ultra-uitgebrei",
          "wdth-subtype-200-alt-wide": "ultrawyd",
          "wght-subtype-100": "dun",
          "wght-subtype-200": "ekstra lig",
          "wght-subtype-200-alt-ultra": "ultralig",
          "wght-subtype-300": "lig",
          "wght-subtype-350": "semilig",
          "wght-subtype-380": "boek",
          "wght-subtype-400": "gewoon",
          "wght-subtype-500": "medium",
          "wght-subtype-600": "semivetdruk",
          "wght-subtype-600-alt-demi": "halfvetdruk",
          "wght-subtype-700": "vetdruk",
          "wght-subtype-800": "ekstra vetdruk",
          "wght-subtype-900": "swart",
          "wght-subtype-900-alt-heavy": "swaar",
          "wght-subtype-950": "ekstra swart",
          "wght-subtype-950-alt-ultrablack": "ultraswart",
          "wght-subtype-950-alt-ultraheavy": "ultraswaar"
        },
        "featureNames": {
          "afrc": "vertikale breukdele",
          "cpsp": "hoofletterspasiëring",
          "dlig": "opsionele koppelletters",
          "frac": "diagonale breukdele",
          "lnum": "liniëringnommers",
          "onum": "oudstylfigure",
          "ordn": "rangtelwoorde",
          "pnum": "proporsionele nommers",
          "smcp": "klein hoofletters",
          "tnum": "tabelvormige nommers",
          "zero": "deurkruisde nul"
        }
      }
    }
  }
}
