{
  "main": {
    "el": {
      "identity": {
        "version": {
          "_cldrVersion": "24",
          "_number": "$Revision: 9287 $"
        },
        "generation": {
          "_date": "$Date: 2013-08-28 21:32:04 -0500 (Wed, 28 Aug 2013) $"
        },
        "language": "el"
      },
      "dates": {
        "calendars": {
          "ethiopic-amete-alem": {
            "months": {
              "format": {
                "abbreviated": {
                  "1": "Meskerem",
                  "2": "Tekemt",
                  "3": "Hedar",
                  "4": "Tahsas",
                  "5": "Ter",
                  "6": "Yekatit",
                  "7": "Megabit",
                  "8": "Miazia",
                  "9": "Genbot",
                  "10": "Sene",
                  "11": "Hamle",
                  "12": "Nehasse",
                  "13": "Pagumen"
                },
                "narrow": {
                  "1": "1",
                  "2": "2",
                  "3": "3",
                  "4": "4",
                  "5": "5",
                  "6": "6",
                  "7": "7",
                  "8": "8",
                  "9": "9",
                  "10": "10",
                  "11": "11",
                  "12": "12",
                  "13": "13"
                },
                "wide": {
                  "1": "Meskerem",
                  "2": "Tekemt",
                  "3": "Hedar",
                  "4": "Tahsas",
                  "5": "Ter",
                  "6": "Yekatit",
                  "7": "Megabit",
                  "8": "Miazia",
                  "9": "Genbot",
                  "10": "Sene",
                  "11": "Hamle",
                  "12": "Nehasse",
                  "13": "Pagumen"
                }
              },
              "stand-alone": {
                "abbreviated": {
                  "1": "Meskerem",
                  "2": "Tekemt",
                  "3": "Hedar",
                  "4": "Tahsas",
                  "5": "Ter",
                  "6": "Yekatit",
                  "7": "Megabit",
                  "8": "Miazia",
                  "9": "Genbot",
                  "10": "Sene",
                  "11": "Hamle",
                  "12": "Nehasse",
                  "13": "Pagumen"
                },
                "narrow": {
                  "1": "1",
                  "2": "2",
                  "3": "3",
                  "4": "4",
                  "5": "5",
                  "6": "6",
                  "7": "7",
                  "8": "8",
                  "9": "9",
                  "10": "10",
                  "11": "11",
                  "12": "12",
                  "13": "13"
                },
                "wide": {
                  "1": "Meskerem",
                  "2": "Tekemt",
                  "3": "Hedar",
                  "4": "Tahsas",
                  "5": "Ter",
                  "6": "Yekatit",
                  "7": "Megabit",
                  "8": "Miazia",
                  "9": "Genbot",
                  "10": "Sene",
                  "11": "Hamle",
                  "12": "Nehasse",
                  "13": "Pagumen"
                }
              }
            },
            "days": {
              "format": {
                "abbreviated": {
                  "sun": "Κυρ",
                  "mon": "Δευ",
                  "tue": "Τρί",
                  "wed": "Τετ",
                  "thu": "Πέμ",
                  "fri": "Παρ",
                  "sat": "Σάβ"
                },
                "narrow": {
                  "sun": "Κ",
                  "mon": "Δ",
                  "tue": "Τ",
                  "wed": "Τ",
                  "thu": "Π",
                  "fri": "Π",
                  "sat": "Σ"
                },
                "short": {
                  "sun": "Κυ",
                  "mon": "Δε",
                  "tue": "Τρ",
                  "wed": "Τε",
                  "thu": "Πέ",
                  "fri": "Πα",
                  "sat": "Σά"
                },
                "wide": {
                  "sun": "Κυριακή",
                  "mon": "Δευτέρα",
                  "tue": "Τρίτη",
                  "wed": "Τετάρτη",
                  "thu": "Πέμπτη",
                  "fri": "Παρασκευή",
                  "sat": "Σάββατο"
                }
              },
              "stand-alone": {
                "abbreviated": {
                  "sun": "Κυρ",
                  "mon": "Δευ",
                  "tue": "Τρί",
                  "wed": "Τετ",
                  "thu": "Πέμ",
                  "fri": "Παρ",
                  "sat": "Σάβ"
                },
                "narrow": {
                  "sun": "Κ",
                  "mon": "Δ",
                  "tue": "Τ",
                  "wed": "Τ",
                  "thu": "Π",
                  "fri": "Π",
                  "sat": "Σ"
                },
                "short": {
                  "sun": "Κυ",
                  "mon": "Δε",
                  "tue": "Τρ",
                  "wed": "Τε",
                  "thu": "Πέ",
                  "fri": "Πα",
                  "sat": "Σά"
                },
                "wide": {
                  "sun": "Κυριακή",
                  "mon": "Δευτέρα",
                  "tue": "Τρίτη",
                  "wed": "Τετάρτη",
                  "thu": "Πέμπτη",
                  "fri": "Παρασκευή",
                  "sat": "Σάββατο"
                }
              }
            },
            "quarters": {
              "format": {
                "abbreviated": {
                  "1": "Τ1",
                  "2": "Τ2",
                  "3": "Τ3",
                  "4": "Τ4"
                },
                "narrow": {
                  "1": "1",
                  "2": "2",
                  "3": "3",
                  "4": "4"
                },
                "wide": {
                  "1": "1ο τρίμηνο",
                  "2": "2ο τρίμηνο",
                  "3": "3ο τρίμηνο",
                  "4": "4ο τρίμηνο"
                }
              },
              "stand-alone": {
                "abbreviated": {
                  "1": "Τ1",
                  "2": "Τ2",
                  "3": "Τ3",
                  "4": "Τ4"
                },
                "narrow": {
                  "1": "1",
                  "2": "2",
                  "3": "3",
                  "4": "4"
                },
                "wide": {
                  "1": "1ο τρίμηνο",
                  "2": "2ο τρίμηνο",
                  "3": "3ο τρίμηνο",
                  "4": "4ο τρίμηνο"
                }
              }
            },
            "dayPeriods": {
              "format": {
                "abbreviated": {
                  "am": "π.μ.",
                  "pm": "μ.μ."
                },
                "narrow": {
                  "am": "π.μ.",
                  "pm": "μ.μ."
                },
                "wide": {
                  "am": "π.μ.",
                  "pm": "μ.μ."
                }
              },
              "stand-alone": {
                "abbreviated": {
                  "am": "π.μ.",
                  "pm": "μ.μ."
                },
                "narrow": {
                  "am": "π.μ.",
                  "pm": "μ.μ."
                },
                "wide": {
                  "am": "π.μ.",
                  "pm": "μ.μ."
                }
              }
            },
            "eras": {
              "eraNames": {
                "0": "ERA0"
              },
              "eraAbbr": {
                "0": "ERA0"
              },
              "eraNarrow": {
                "0": "ERA0"
              }
            },
            "dateFormats": {
              "full": "EEEE, d MMMM y G",
              "long": "d MMMM y G",
              "medium": "d MMM y G",
              "short": "d/M/y GGGGG"
            },
            "timeFormats": {
              "full": "h:mm:ss a zzzz",
              "long": "h:mm:ss a z",
              "medium": "h:mm:ss a",
              "short": "h:mm a"
            },
            "dateTimeFormats": {
              "full": "{1} - {0}",
              "long": "{1} - {0}",
              "medium": "{1} - {0}",
              "short": "{1} - {0}",
              "availableFormats": {
                "d": "d",
                "Ed": "E d",
                "Ehm": "E h:mm a",
                "EHm": "E HH:mm",
                "Ehms": "E h:mm:ss a",
                "EHms": "E HH:mm:ss",
                "Gy": "y G",
                "GyMMM": "LLL y G",
                "GyMMMd": "d MMM y G",
                "GyMMMEd": "E, d MMM y G",
                "h": "h a",
                "H": "HH",
                "HHmm": "HH:mm",
                "HHmmss": "HH:mm:ss",
                "hm": "h:mm a",
                "Hm": "HH:mm",
                "hms": "h:mm:ss a",
                "Hms": "HH:mm:ss",
                "M": "L",
                "Md": "d/M",
                "MEd": "E, d/M",
                "MMM": "LLL",
                "MMMd": "d MMM",
                "MMMEd": "E, d MMM",
                "MMMMd": "d MMMM",
                "MMMMEd": "E, d MMMM",
                "ms": "mm:ss",
                "y": "y",
                "yyyy": "y G",
                "yyyyM": "M/y G",
                "yyyyMd": "d/M/y G",
                "yyyyMEd": "E, d/M/y G",
                "yyyyMMM": "LLL y G",
                "yyyyMMMd": "d MMM y G",
                "yyyyMMMEd": "E, d MMM y G",
                "yyyyMMMM": "LLLL y G",
                "yyyyQQQ": "G y QQQ",
                "yyyyQQQQ": "G y QQQQ"
              },
              "appendItems": {
                "Day": "{0} ({2}: {1})",
                "Day-Of-Week": "{0} {1}",
                "Era": "{1} {0}",
                "Hour": "{0} ({2}: {1})",
                "Minute": "{0} ({2}: {1})",
                "Month": "{0} ({2}: {1})",
                "Quarter": "{0} ({2}: {1})",
                "Second": "{0} ({2}: {1})",
                "Timezone": "{0} {1}",
                "Week": "{0} ({2}: {1})",
                "Year": "{1} {0}"
              },
              "intervalFormats": {
                "intervalFormatFallback": "{0} - {1}",
                "d": {
                  "d": "d-d"
                },
                "h": {
                  "a": "h a - h a",
                  "h": "h-h a"
                },
                "H": {
                  "H": "HH–HH"
                },
                "hm": {
                  "a": "h:mm a - h:mm a",
                  "h": "h:mm-h:mm a",
                  "m": "h:mm-h:mm a"
                },
                "Hm": {
                  "H": "HH:mm–HH:mm",
                  "m": "HH:mm–HH:mm"
                },
                "hmv": {
                  "a": "h:mm a - h:mm a v",
                  "h": "h:mm-h:mm a v",
                  "m": "h:mm-h:mm a v"
                },
                "Hmv": {
                  "H": "HH:mm–HH:mm v",
                  "m": "HH:mm–HH:mm v"
                },
                "hv": {
                  "a": "h a - h a v",
                  "h": "h-h a v"
                },
                "Hv": {
                  "H": "HH–HH v"
                },
                "M": {
                  "M": "M-M"
                },
                "Md": {
                  "d": "dd/MM - dd/MM",
                  "M": "dd/MM - dd/MM"
                },
                "MEd": {
                  "d": "E, dd/MM - E, dd/MM",
                  "M": "E, dd/MM - E, dd/MM"
                },
                "MMM": {
                  "M": "LLL-LLL"
                },
                "MMMd": {
                  "d": "dd-dd MMM",
                  "M": "dd MMM - dd MMM"
                },
                "MMMEd": {
                  "d": "E, dd - E, dd MMM",
                  "M": "E, dd MMM - E, dd MMM"
                },
                "y": {
                  "y": "y-y G"
                },
                "yM": {
                  "M": "MM/y - MM/y G",
                  "y": "MM/y - MM/y G"
                },
                "yMd": {
                  "d": "dd/MM/y - dd/MM/y G",
                  "M": "dd/MM/y - dd/MM/y G",
                  "y": "dd/MM/y - dd/MM/y G"
                },
                "yMEd": {
                  "d": "E, dd/MM/y - E, dd/MM/y G",
                  "M": "E, dd/MM/y - E, dd/MM/y G",
                  "y": "E, dd/MM/y - E, dd/MM/y G"
                },
                "yMMM": {
                  "M": "LLL-LLL y",
                  "y": "LLL y - LLL y G"
                },
                "yMMMd": {
                  "d": "dd-dd MMM y G",
                  "M": "dd MMM - dd MMM y G",
                  "y": "dd MMM y - dd MMM y G"
                },
                "yMMMEd": {
                  "d": "E, dd - E, dd MMM y G",
                  "M": "E, dd MMM - E, dd MMM y G",
                  "y": "E, dd MMM y - E, dd MMM y G"
                },
                "yMMMM": {
                  "M": "LLLL-LLLL y G",
                  "y": "LLLL y - LLLL y G"
                }
              }
            }
          }
        }
      }
    }
  }
}
