{
  "main": {
    "el": {
      "identity": {
        "version": {
          "_cldrVersion": "24",
          "_number": "$Revision: 9287 $"
        },
        "generation": {
          "_date": "$Date: 2013-08-28 21:32:04 -0500 (Wed, 28 Aug 2013) $"
        },
        "language": "el"
      },
      "units": {
        "long": {
          "per": {
            "compoundUnitPattern": "{0} ανά {1}"
          },
          "acceleration-g-force": {
            "unitPattern-count-one": "{0} G",
            "unitPattern-count-other": "{0} G"
          },
          "angle-arc-minute": {
            "unitPattern-count-one": "{0} λεπτό",
            "unitPattern-count-other": "{0} λεπτά"
          },
          "angle-arc-second": {
            "unitPattern-count-one": "{0} δευτερόλεπτο",
            "unitPattern-count-other": "{0} δευτερόλεπτα"
          },
          "angle-degree": {
            "unitPattern-count-one": "{0} μοίρα",
            "unitPattern-count-other": "{0} μοίρες"
          },
          "area-acre": {
            "unitPattern-count-one": "{0} ακρ",
            "unitPattern-count-other": "{0} ακρ"
          },
          "area-hectare": {
            "unitPattern-count-one": "{0} εκτάριο",
            "unitPattern-count-other": "{0} εκτάρια"
          },
          "area-square-foot": {
            "unitPattern-count-one": "{0} τετραγωνικό πόδι",
            "unitPattern-count-other": "{0} τετραγωνικά πόδια"
          },
          "area-square-kilometer": {
            "unitPattern-count-one": "{0} τετραγωνικό χιλιόμετρο",
            "unitPattern-count-other": "{0} τετραγωνικά χιλιόμετρα"
          },
          "area-square-meter": {
            "unitPattern-count-one": "{0} τετραγωνικό μέτρο",
            "unitPattern-count-other": "{0} τετραγωνικά μέτρα"
          },
          "area-square-mile": {
            "unitPattern-count-one": "{0} τετραγωνικό μίλι",
            "unitPattern-count-other": "{0} τετραγωνικά μίλια"
          },
          "duration-day": {
            "unitPattern-count-one": "{0} ημέρα",
            "unitPattern-count-other": "{0} ημέρες"
          },
          "duration-hour": {
            "unitPattern-count-one": "{0} ώρα",
            "unitPattern-count-other": "{0} ώρες"
          },
          "duration-millisecond": {
            "unitPattern-count-one": "{0} χιλιοστό του δευτερολέπτου",
            "unitPattern-count-other": "{0} χιλιοστά του δευτερολέπτου"
          },
          "duration-minute": {
            "unitPattern-count-one": "{0} λεπτό",
            "unitPattern-count-other": "{0} λεπτά"
          },
          "duration-month": {
            "unitPattern-count-one": "{0} μήνας",
            "unitPattern-count-other": "{0} μήνες"
          },
          "duration-second": {
            "unitPattern-count-one": "{0} δευτερόλεπτο",
            "unitPattern-count-other": "{0} δευτερόλεπτα"
          },
          "duration-week": {
            "unitPattern-count-one": "{0} εβδομάδα",
            "unitPattern-count-other": "{0} εβδομάδες"
          },
          "duration-year": {
            "unitPattern-count-one": "{0} έτος",
            "unitPattern-count-other": "{0} έτη"
          },
          "length-centimeter": {
            "unitPattern-count-one": "{0} εκατοστό",
            "unitPattern-count-other": "{0} εκατοστά"
          },
          "length-foot": {
            "unitPattern-count-one": "{0} πόδι",
            "unitPattern-count-other": "{0} πόδια"
          },
          "length-inch": {
            "unitPattern-count-one": "{0} ίντσα",
            "unitPattern-count-other": "{0} ίντσες"
          },
          "length-kilometer": {
            "unitPattern-count-one": "{0} χιλιόμετρο",
            "unitPattern-count-other": "{0} χιλιόμετρα"
          },
          "length-light-year": {
            "unitPattern-count-one": "{0} έτος φωτός",
            "unitPattern-count-other": "{0} έτη φωτός"
          },
          "length-meter": {
            "unitPattern-count-one": "{0} μέτρο",
            "unitPattern-count-other": "{0} μέτρα"
          },
          "length-mile": {
            "unitPattern-count-one": "{0} μίλι",
            "unitPattern-count-other": "{0} μίλια"
          },
          "length-millimeter": {
            "unitPattern-count-one": "{0} χιλιοστόμετρο",
            "unitPattern-count-other": "{0} χιλιοστόμετρα"
          },
          "length-picometer": {
            "unitPattern-count-one": "{0} πικόμετρο",
            "unitPattern-count-other": "{0} πικόμετρα"
          },
          "length-yard": {
            "unitPattern-count-one": "{0} γιάρδα",
            "unitPattern-count-other": "{0} γιάρδες"
          },
          "mass-gram": {
            "unitPattern-count-one": "{0} γραμμάριο",
            "unitPattern-count-other": "{0} γραμμάρια"
          },
          "mass-kilogram": {
            "unitPattern-count-one": "{0} χιλιόγραμμο",
            "unitPattern-count-other": "{0} χιλιόγραμμα"
          },
          "mass-ounce": {
            "unitPattern-count-one": "{0} ουγγιά",
            "unitPattern-count-other": "{0} ουγγιές"
          },
          "mass-pound": {
            "unitPattern-count-one": "{0} λίβρα",
            "unitPattern-count-other": "{0} λίβρες"
          },
          "power-horsepower": {
            "unitPattern-count-one": "{0} ίππος",
            "unitPattern-count-other": "{0} ίπποι"
          },
          "power-kilowatt": {
            "unitPattern-count-one": "{0} κιλοβάτ",
            "unitPattern-count-other": "{0} κιλοβάτ"
          },
          "power-watt": {
            "unitPattern-count-one": "{0} watt",
            "unitPattern-count-other": "{0} watt"
          },
          "pressure-hectopascal": {
            "unitPattern-count-one": "{0} εκτοπασκάλ",
            "unitPattern-count-other": "{0} εκτοπασκάλ"
          },
          "pressure-inch-hg": {
            "unitPattern-count-one": "{0} ίντσα στήλης υδραργύρου",
            "unitPattern-count-other": "{0} ίντσες στήλης υδραργύρου"
          },
          "pressure-millibar": {
            "unitPattern-count-one": "{0} μιλιμπάρ",
            "unitPattern-count-other": "{0} μιλιμπάρ"
          },
          "speed-kilometer-per-hour": {
            "unitPattern-count-one": "{0} χιλιόμετρο ανά ώρα",
            "unitPattern-count-other": "{0} χιλιόμετρα ανά ώρα"
          },
          "speed-meter-per-second": {
            "unitPattern-count-one": "{0} μέτρο ανά δευτερόλεπτο",
            "unitPattern-count-other": "{0} μέτρα ανά δευτερόλεπτο"
          },
          "speed-mile-per-hour": {
            "unitPattern-count-one": "{0} μίλι ανά ώρα",
            "unitPattern-count-other": "{0} μίλια ανά ώρα"
          },
          "temperature-celsius": {
            "unitPattern-count-one": "{0} βαθμός Κελσίου",
            "unitPattern-count-other": "{0} βαθμοί Κελσίου"
          },
          "temperature-fahrenheit": {
            "unitPattern-count-one": "{0} βαθμός Φαρενάιτ",
            "unitPattern-count-other": "{0} βαθμοί Φαρενάιτ"
          },
          "volume-cubic-kilometer": {
            "unitPattern-count-one": "{0} κυβικό χιλιόμετρο",
            "unitPattern-count-other": "{0} κυβικά χιλιόμετρα"
          },
          "volume-cubic-mile": {
            "unitPattern-count-one": "{0} κυβικό μίλι",
            "unitPattern-count-other": "{0} κυβικά μίλια"
          },
          "volume-liter": {
            "unitPattern-count-one": "{0} λίτρο",
            "unitPattern-count-other": "{0} λίτρα"
          }
        },
        "short": {
          "per": {
            "compoundUnitPattern": "{0}/{1}"
          },
          "acceleration-g-force": {
            "unitPattern-count-one": "{0} G",
            "unitPattern-count-other": "{0} G"
          },
          "angle-arc-minute": {
            "unitPattern-count-one": "{0} λεπ.",
            "unitPattern-count-other": "{0} λεπ."
          },
          "angle-arc-second": {
            "unitPattern-count-one": "{0} δευτ.",
            "unitPattern-count-other": "{0} δευτ."
          },
          "angle-degree": {
            "unitPattern-count-one": "{0}°",
            "unitPattern-count-other": "{0}°"
          },
          "area-acre": {
            "unitPattern-count-one": "{0} ac",
            "unitPattern-count-other": "{0} ac"
          },
          "area-hectare": {
            "unitPattern-count-one": "{0} ha",
            "unitPattern-count-other": "{0} ha"
          },
          "area-square-foot": {
            "unitPattern-count-one": "{0} ft²",
            "unitPattern-count-other": "{0} ft²"
          },
          "area-square-kilometer": {
            "unitPattern-count-one": "{0} km²",
            "unitPattern-count-other": "{0} km²"
          },
          "area-square-meter": {
            "unitPattern-count-one": "{0} m²",
            "unitPattern-count-other": "{0} m²"
          },
          "area-square-mile": {
            "unitPattern-count-one": "{0} mi²",
            "unitPattern-count-other": "{0} mi²"
          },
          "duration-day": {
            "unitPattern-count-one": "{0} ημέρα",
            "unitPattern-count-other": "{0} ημέρες"
          },
          "duration-hour": {
            "unitPattern-count-one": "{0} ώρα",
            "unitPattern-count-other": "{0} ώρες"
          },
          "duration-millisecond": {
            "unitPattern-count-one": "{0} ms",
            "unitPattern-count-other": "{0} ms"
          },
          "duration-minute": {
            "unitPattern-count-one": "{0} λεπ.",
            "unitPattern-count-other": "{0} λεπ."
          },
          "duration-month": {
            "unitPattern-count-one": "{0} μήν.",
            "unitPattern-count-other": "{0} μήν."
          },
          "duration-second": {
            "unitPattern-count-one": "{0} δευτ.",
            "unitPattern-count-other": "{0} δευτ."
          },
          "duration-week": {
            "unitPattern-count-one": "{0} εβδ.",
            "unitPattern-count-other": "{0} εβδ."
          },
          "duration-year": {
            "unitPattern-count-one": "{0} έτος",
            "unitPattern-count-other": "{0} έτη"
          },
          "length-centimeter": {
            "unitPattern-count-one": "{0} εκ.",
            "unitPattern-count-other": "{0} εκ."
          },
          "length-foot": {
            "unitPattern-count-one": "{0} ft",
            "unitPattern-count-other": "{0} ft"
          },
          "length-inch": {
            "unitPattern-count-one": "{0} in",
            "unitPattern-count-other": "{0} in"
          },
          "length-kilometer": {
            "unitPattern-count-one": "{0} χλμ.",
            "unitPattern-count-other": "{0} χλμ."
          },
          "length-light-year": {
            "unitPattern-count-one": "{0} ly",
            "unitPattern-count-other": "{0} ly"
          },
          "length-meter": {
            "unitPattern-count-one": "{0} μ.",
            "unitPattern-count-other": "{0} μ."
          },
          "length-mile": {
            "unitPattern-count-one": "{0} mi",
            "unitPattern-count-other": "{0} mi"
          },
          "length-millimeter": {
            "unitPattern-count-one": "{0} χλστ.",
            "unitPattern-count-other": "{0} χλστ."
          },
          "length-picometer": {
            "unitPattern-count-one": "{0} pm",
            "unitPattern-count-other": "{0} pm"
          },
          "length-yard": {
            "unitPattern-count-one": "{0} yd",
            "unitPattern-count-other": "{0} yd"
          },
          "mass-gram": {
            "unitPattern-count-one": "{0} γρ.",
            "unitPattern-count-other": "{0} γρ."
          },
          "mass-kilogram": {
            "unitPattern-count-one": "{0} χλγρ.",
            "unitPattern-count-other": "{0} χλγρ."
          },
          "mass-ounce": {
            "unitPattern-count-one": "{0} oz",
            "unitPattern-count-other": "{0} oz"
          },
          "mass-pound": {
            "unitPattern-count-one": "{0} lb",
            "unitPattern-count-other": "{0} lb"
          },
          "power-horsepower": {
            "unitPattern-count-one": "{0} hp",
            "unitPattern-count-other": "{0} hp"
          },
          "power-kilowatt": {
            "unitPattern-count-one": "{0} kW",
            "unitPattern-count-other": "{0} kW"
          },
          "power-watt": {
            "unitPattern-count-one": "{0} W",
            "unitPattern-count-other": "{0} W"
          },
          "pressure-hectopascal": {
            "unitPattern-count-one": "{0} hPa",
            "unitPattern-count-other": "{0} hPa"
          },
          "pressure-inch-hg": {
            "unitPattern-count-one": "{0} inHg",
            "unitPattern-count-other": "{0} inHg"
          },
          "pressure-millibar": {
            "unitPattern-count-one": "{0} mbar",
            "unitPattern-count-other": "{0} mbar"
          },
          "speed-kilometer-per-hour": {
            "unitPattern-count-one": "{0} χλμ./ώρα",
            "unitPattern-count-other": "{0} χλμ./ώρα"
          },
          "speed-meter-per-second": {
            "unitPattern-count-one": "{0} μέτρο/δευτ.",
            "unitPattern-count-other": "{0} μέτρα/δευτ."
          },
          "speed-mile-per-hour": {
            "unitPattern-count-one": "{0} μίλι/ώρα",
            "unitPattern-count-other": "{0} μίλια/ώρα"
          },
          "temperature-celsius": {
            "unitPattern-count-one": "{0}°C",
            "unitPattern-count-other": "{0}°C"
          },
          "temperature-fahrenheit": {
            "unitPattern-count-one": "{0}°F",
            "unitPattern-count-other": "{0}°F"
          },
          "volume-cubic-kilometer": {
            "unitPattern-count-one": "{0} km³",
            "unitPattern-count-other": "{0} km³"
          },
          "volume-cubic-mile": {
            "unitPattern-count-one": "{0} mi³",
            "unitPattern-count-other": "{0} mi³"
          },
          "volume-liter": {
            "unitPattern-count-one": "{0} λίτ.",
            "unitPattern-count-other": "{0} λίτ."
          }
        },
        "narrow": {
          "per": {
            "compoundUnitPattern": "{0}/{1}"
          },
          "acceleration-g-force": {
            "unitPattern-count-one": "{0} G",
            "unitPattern-count-other": "{0} G"
          },
          "angle-arc-minute": {
            "unitPattern-count-one": "{0}′",
            "unitPattern-count-other": "{0}′"
          },
          "angle-arc-second": {
            "unitPattern-count-one": "{0}″",
            "unitPattern-count-other": "{0}″"
          },
          "angle-degree": {
            "unitPattern-count-one": "{0}°",
            "unitPattern-count-other": "{0}°"
          },
          "area-acre": {
            "unitPattern-count-one": "{0} ac",
            "unitPattern-count-other": "{0} ac"
          },
          "area-hectare": {
            "unitPattern-count-one": "{0} ha",
            "unitPattern-count-other": "{0} ha"
          },
          "area-square-foot": {
            "unitPattern-count-one": "{0} ft²",
            "unitPattern-count-other": "{0} ft²"
          },
          "area-square-kilometer": {
            "unitPattern-count-one": "{0} km²",
            "unitPattern-count-other": "{0} km²"
          },
          "area-square-meter": {
            "unitPattern-count-one": "{0} m²",
            "unitPattern-count-other": "{0} m²"
          },
          "area-square-mile": {
            "unitPattern-count-one": "{0} mi²",
            "unitPattern-count-other": "{0} mi²"
          },
          "duration-day": {
            "unitPattern-count-one": "{0} ημ.",
            "unitPattern-count-other": "{0} ημ."
          },
          "duration-hour": {
            "unitPattern-count-one": "{0} ώρα",
            "unitPattern-count-other": "{0} ώρες"
          },
          "duration-millisecond": {
            "unitPattern-count-one": "{0} ms",
            "unitPattern-count-other": "{0} ms"
          },
          "duration-minute": {
            "unitPattern-count-one": "{0} λεπ.",
            "unitPattern-count-other": "{0} λεπ."
          },
          "duration-month": {
            "unitPattern-count-one": "{0} μήν.",
            "unitPattern-count-other": "{0} μήν."
          },
          "duration-second": {
            "unitPattern-count-one": "{0} δευτ.",
            "unitPattern-count-other": "{0} δευτ."
          },
          "duration-week": {
            "unitPattern-count-one": "{0} εβδ.",
            "unitPattern-count-other": "{0} εβδ."
          },
          "duration-year": {
            "unitPattern-count-one": "{0} έτ.",
            "unitPattern-count-other": "{0} έτ."
          },
          "length-centimeter": {
            "unitPattern-count-one": "{0} εκ.",
            "unitPattern-count-other": "{0} εκ."
          },
          "length-foot": {
            "unitPattern-count-one": "{0} ft",
            "unitPattern-count-other": "{0} ft"
          },
          "length-inch": {
            "unitPattern-count-one": "{0} in",
            "unitPattern-count-other": "{0} in"
          },
          "length-kilometer": {
            "unitPattern-count-one": "{0} χλμ.",
            "unitPattern-count-other": "{0} χλμ."
          },
          "length-light-year": {
            "unitPattern-count-one": "{0} ly",
            "unitPattern-count-other": "{0} ly"
          },
          "length-meter": {
            "unitPattern-count-one": "{0} μ.",
            "unitPattern-count-other": "{0} μ."
          },
          "length-mile": {
            "unitPattern-count-one": "{0} mi",
            "unitPattern-count-other": "{0} mi"
          },
          "length-millimeter": {
            "unitPattern-count-one": "{0} χλστ.",
            "unitPattern-count-other": "{0} χλστ."
          },
          "length-picometer": {
            "unitPattern-count-one": "{0} pm",
            "unitPattern-count-other": "{0} pm"
          },
          "length-yard": {
            "unitPattern-count-one": "{0} yd",
            "unitPattern-count-other": "{0} yd"
          },
          "mass-gram": {
            "unitPattern-count-one": "{0} g",
            "unitPattern-count-other": "{0} g"
          },
          "mass-kilogram": {
            "unitPattern-count-one": "{0} kg",
            "unitPattern-count-other": "{0} kg"
          },
          "mass-ounce": {
            "unitPattern-count-one": "{0} oz",
            "unitPattern-count-other": "{0} oz"
          },
          "mass-pound": {
            "unitPattern-count-one": "{0} lb",
            "unitPattern-count-other": "{0} lb"
          },
          "power-horsepower": {
            "unitPattern-count-one": "{0} hp",
            "unitPattern-count-other": "{0} hp"
          },
          "power-kilowatt": {
            "unitPattern-count-one": "{0} kW",
            "unitPattern-count-other": "{0} kW"
          },
          "power-watt": {
            "unitPattern-count-one": "{0} W",
            "unitPattern-count-other": "{0} W"
          },
          "pressure-hectopascal": {
            "unitPattern-count-one": "{0} hPa",
            "unitPattern-count-other": "{0} hPa"
          },
          "pressure-inch-hg": {
            "unitPattern-count-one": "{0} inHg",
            "unitPattern-count-other": "{0} inHg"
          },
          "pressure-millibar": {
            "unitPattern-count-one": "{0} mbar",
            "unitPattern-count-other": "{0} mbar"
          },
          "speed-kilometer-per-hour": {
            "unitPattern-count-one": "{0} χλμ./ώρα",
            "unitPattern-count-other": "{0} χλμ./ώρα"
          },
          "speed-meter-per-second": {
            "unitPattern-count-one": "{0} m/s",
            "unitPattern-count-other": "{0} m/s"
          },
          "speed-mile-per-hour": {
            "unitPattern-count-one": "{0} mi/h",
            "unitPattern-count-other": "{0} mi/h"
          },
          "temperature-celsius": {
            "unitPattern-count-one": "{0}°",
            "unitPattern-count-other": "{0}°"
          },
          "temperature-fahrenheit": {
            "unitPattern-count-one": "{0}°F",
            "unitPattern-count-other": "{0}°F"
          },
          "volume-cubic-kilometer": {
            "unitPattern-count-one": "{0} km³",
            "unitPattern-count-other": "{0} km³"
          },
          "volume-cubic-mile": {
            "unitPattern-count-one": "{0} mi³",
            "unitPattern-count-other": "{0} mi³"
          },
          "volume-liter": {
            "unitPattern-count-one": "{0} l",
            "unitPattern-count-other": "{0} l"
          }
        },
        "durationUnit-type-hm": {
          "durationUnitPattern": "h:mm"
        },
        "durationUnit-type-hms": {
          "durationUnitPattern": "h:mm:ss"
        },
        "durationUnit-type-ms": {
          "durationUnitPattern": "m:ss"
        }
      }
    }
  }
}
