{
  "main": {
    "da": {
      "identity": {
        "version": {
          "_cldrVersion": "24",
          "_number": "$Revision: 9287 $"
        },
        "generation": {
          "_date": "$Date: 2013-08-28 21:32:04 -0500 (Wed, 28 Aug 2013) $"
        },
        "language": "da"
      },
      "units": {
        "long": {
          "per": {
            "compoundUnitPattern": "{0} pr. {1}"
          },
          "acceleration-g-force": {
            "unitPattern-count-one": "{0} G-kraft",
            "unitPattern-count-other": "{0} G-kraft"
          },
          "angle-arc-minute": {
            "unitPattern-count-one": "{0} bueminut",
            "unitPattern-count-other": "{0} bueminutter"
          },
          "angle-arc-second": {
            "unitPattern-count-one": "{0} buesekund",
            "unitPattern-count-other": "{0} buesekunder"
          },
          "angle-degree": {
            "unitPattern-count-one": "{0} grad",
            "unitPattern-count-other": "{0} grader"
          },
          "area-acre": {
            "unitPattern-count-one": "{0} acre",
            "unitPattern-count-other": "{0} acres"
          },
          "area-hectare": {
            "unitPattern-count-one": "{0} hektar",
            "unitPattern-count-other": "{0} hektar"
          },
          "area-square-foot": {
            "unitPattern-count-one": "{0} kvadratfod",
            "unitPattern-count-other": "{0} kvadratfod"
          },
          "area-square-kilometer": {
            "unitPattern-count-one": "{0} kvadratkilometer",
            "unitPattern-count-other": "{0} kvadratkilometer"
          },
          "area-square-meter": {
            "unitPattern-count-one": "{0} kvadratmeter",
            "unitPattern-count-other": "{0} kvadratmeter"
          },
          "area-square-mile": {
            "unitPattern-count-one": "{0} kvadrat-engelsk mil",
            "unitPattern-count-other": "{0} kvadrat-engelske mil"
          },
          "duration-day": {
            "unitPattern-count-one": "{0} døgn",
            "unitPattern-count-other": "{0} døgn"
          },
          "duration-hour": {
            "unitPattern-count-one": "{0} time",
            "unitPattern-count-other": "{0} timer"
          },
          "duration-millisecond": {
            "unitPattern-count-one": "{0} millisekund",
            "unitPattern-count-other": "{0} millisekunder"
          },
          "duration-minute": {
            "unitPattern-count-one": "{0} minut",
            "unitPattern-count-other": "{0} minutter"
          },
          "duration-month": {
            "unitPattern-count-one": "{0} måned",
            "unitPattern-count-other": "{0} måneder"
          },
          "duration-second": {
            "unitPattern-count-one": "{0} sekund",
            "unitPattern-count-other": "{0} sekunder"
          },
          "duration-week": {
            "unitPattern-count-one": "{0} uge",
            "unitPattern-count-other": "{0} uger"
          },
          "duration-year": {
            "unitPattern-count-one": "{0} år",
            "unitPattern-count-other": "{0} år"
          },
          "length-centimeter": {
            "unitPattern-count-one": "{0} centimeter",
            "unitPattern-count-other": "{0} centimeter"
          },
          "length-foot": {
            "unitPattern-count-one": "{0} fod",
            "unitPattern-count-other": "{0} fod"
          },
          "length-inch": {
            "unitPattern-count-one": "{0} tomme",
            "unitPattern-count-other": "{0} tommer"
          },
          "length-kilometer": {
            "unitPattern-count-one": "{0} kilometer",
            "unitPattern-count-other": "{0} kilometer"
          },
          "length-light-year": {
            "unitPattern-count-one": "{0} lysår",
            "unitPattern-count-other": "{0} lysår"
          },
          "length-meter": {
            "unitPattern-count-one": "{0} meter",
            "unitPattern-count-other": "{0} meter"
          },
          "length-mile": {
            "unitPattern-count-one": "{0} engelsk mil",
            "unitPattern-count-other": "{0} engelske mil"
          },
          "length-millimeter": {
            "unitPattern-count-one": "{0} millimeter",
            "unitPattern-count-other": "{0} millimeter"
          },
          "length-picometer": {
            "unitPattern-count-one": "{0} pikometer",
            "unitPattern-count-other": "{0} pikometer"
          },
          "length-yard": {
            "unitPattern-count-one": "{0} engelsk yard",
            "unitPattern-count-other": "{0} engelske yard"
          },
          "mass-gram": {
            "unitPattern-count-one": "{0} gram",
            "unitPattern-count-other": "{0} gram"
          },
          "mass-kilogram": {
            "unitPattern-count-one": "{0} kilogram",
            "unitPattern-count-other": "{0} kilogram"
          },
          "mass-ounce": {
            "unitPattern-count-one": "{0} unse",
            "unitPattern-count-other": "{0} unser"
          },
          "mass-pound": {
            "unitPattern-count-one": "{0} skålpund",
            "unitPattern-count-other": "{0} skålpund"
          },
          "power-horsepower": {
            "unitPattern-count-one": "{0} hestekraft",
            "unitPattern-count-other": "{0} hestekræfter"
          },
          "power-kilowatt": {
            "unitPattern-count-one": "{0} kilowatt",
            "unitPattern-count-other": "{0} kilowatt"
          },
          "power-watt": {
            "unitPattern-count-one": "{0} watt",
            "unitPattern-count-other": "{0} watt"
          },
          "pressure-hectopascal": {
            "unitPattern-count-one": "{0} hektopascal",
            "unitPattern-count-other": "{0} hektopascal"
          },
          "pressure-inch-hg": {
            "unitPattern-count-one": "{0} tomme kviksølv",
            "unitPattern-count-other": "{0} tommer kviksølv"
          },
          "pressure-millibar": {
            "unitPattern-count-one": "{0} millibar",
            "unitPattern-count-other": "{0} millibar"
          },
          "speed-kilometer-per-hour": {
            "unitPattern-count-one": "{0} kilometer per time",
            "unitPattern-count-other": "{0} kilometer per time"
          },
          "speed-meter-per-second": {
            "unitPattern-count-one": "{0} meter per sekund",
            "unitPattern-count-other": "{0} meter per sekund"
          },
          "speed-mile-per-hour": {
            "unitPattern-count-one": "{0} engelsk mil per time",
            "unitPattern-count-other": "{0} engelske mil per time"
          },
          "temperature-celsius": {
            "unitPattern-count-one": "{0} grad Celsius",
            "unitPattern-count-other": "{0} grader Celsius"
          },
          "temperature-fahrenheit": {
            "unitPattern-count-one": "{0} grad Fahrenheit",
            "unitPattern-count-other": "{0} grader Fahrenheit"
          },
          "volume-cubic-kilometer": {
            "unitPattern-count-one": "{0} kubikkilometer",
            "unitPattern-count-other": "{0} kubikkilometer"
          },
          "volume-cubic-mile": {
            "unitPattern-count-one": "{0} kubik-engelsk mil",
            "unitPattern-count-other": "{0} kubik-engelske mil"
          },
          "volume-liter": {
            "unitPattern-count-one": "{0} liter",
            "unitPattern-count-other": "{0} liter"
          }
        },
        "short": {
          "per": {
            "compoundUnitPattern": "{0}/{1}"
          },
          "acceleration-g-force": {
            "unitPattern-count-one": "{0} G",
            "unitPattern-count-other": "{0} G"
          },
          "angle-arc-minute": {
            "unitPattern-count-one": "{0}′",
            "unitPattern-count-other": "{0}′"
          },
          "angle-arc-second": {
            "unitPattern-count-one": "{0}″",
            "unitPattern-count-other": "{0}″"
          },
          "angle-degree": {
            "unitPattern-count-one": "{0}°",
            "unitPattern-count-other": "{0}°"
          },
          "area-acre": {
            "unitPattern-count-one": "{0} ac",
            "unitPattern-count-other": "{0} ac"
          },
          "area-hectare": {
            "unitPattern-count-one": "{0} ha",
            "unitPattern-count-other": "{0} ha"
          },
          "area-square-foot": {
            "unitPattern-count-one": "{0} kvadratfod",
            "unitPattern-count-other": "{0} kvadratfod"
          },
          "area-square-kilometer": {
            "unitPattern-count-one": "{0} km²",
            "unitPattern-count-other": "{0} km²"
          },
          "area-square-meter": {
            "unitPattern-count-one": "{0} m²",
            "unitPattern-count-other": "{0} m²"
          },
          "area-square-mile": {
            "unitPattern-count-one": "{0} mi²",
            "unitPattern-count-other": "{0} mi²"
          },
          "duration-day": {
            "unitPattern-count-one": "{0} d",
            "unitPattern-count-other": "{0} d"
          },
          "duration-hour": {
            "unitPattern-count-one": "{0} t",
            "unitPattern-count-other": "{0} t"
          },
          "duration-millisecond": {
            "unitPattern-count-one": "{0} ms",
            "unitPattern-count-other": "{0} ms"
          },
          "duration-minute": {
            "unitPattern-count-one": "{0} min",
            "unitPattern-count-other": "{0} min"
          },
          "duration-month": {
            "unitPattern-count-one": "{0} mån",
            "unitPattern-count-other": "{0} mån"
          },
          "duration-second": {
            "unitPattern-count-one": "{0} sek",
            "unitPattern-count-other": "{0} sek"
          },
          "duration-week": {
            "unitPattern-count-one": "{0} uge",
            "unitPattern-count-other": "{0} uger"
          },
          "duration-year": {
            "unitPattern-count-one": "{0} år",
            "unitPattern-count-other": "{0} år"
          },
          "length-centimeter": {
            "unitPattern-count-one": "{0} cm",
            "unitPattern-count-other": "{0} cm"
          },
          "length-foot": {
            "unitPattern-count-one": "{0} fod",
            "unitPattern-count-other": "{0} fod"
          },
          "length-inch": {
            "unitPattern-count-one": "{0} tomme",
            "unitPattern-count-other": "{0} tommer"
          },
          "length-kilometer": {
            "unitPattern-count-one": "{0} km",
            "unitPattern-count-other": "{0} km"
          },
          "length-light-year": {
            "unitPattern-count-one": "{0} lysår",
            "unitPattern-count-other": "{0} lysår"
          },
          "length-meter": {
            "unitPattern-count-one": "{0} m",
            "unitPattern-count-other": "{0} m"
          },
          "length-mile": {
            "unitPattern-count-one": "{0} mil",
            "unitPattern-count-other": "{0} mil"
          },
          "length-millimeter": {
            "unitPattern-count-one": "{0} mm",
            "unitPattern-count-other": "{0} mm"
          },
          "length-picometer": {
            "unitPattern-count-one": "{0} pm",
            "unitPattern-count-other": "{0} pm"
          },
          "length-yard": {
            "unitPattern-count-one": "{0} yard",
            "unitPattern-count-other": "{0} yard"
          },
          "mass-gram": {
            "unitPattern-count-one": "{0} g",
            "unitPattern-count-other": "{0} g"
          },
          "mass-kilogram": {
            "unitPattern-count-one": "{0} kg",
            "unitPattern-count-other": "{0} kg"
          },
          "mass-ounce": {
            "unitPattern-count-one": "{0} unse",
            "unitPattern-count-other": "{0} unser"
          },
          "mass-pound": {
            "unitPattern-count-one": "{0} skålpund",
            "unitPattern-count-other": "{0} skålpund"
          },
          "power-horsepower": {
            "unitPattern-count-one": "{0} hk",
            "unitPattern-count-other": "{0} hk"
          },
          "power-kilowatt": {
            "unitPattern-count-one": "{0} kW",
            "unitPattern-count-other": "{0} kW"
          },
          "power-watt": {
            "unitPattern-count-one": "{0} W",
            "unitPattern-count-other": "{0} W"
          },
          "pressure-hectopascal": {
            "unitPattern-count-one": "{0} hPa",
            "unitPattern-count-other": "{0} hPa"
          },
          "pressure-inch-hg": {
            "unitPattern-count-one": "{0} # Hg",
            "unitPattern-count-other": "{0} # Hg"
          },
          "pressure-millibar": {
            "unitPattern-count-one": "{0} mbar",
            "unitPattern-count-other": "{0} mbar"
          },
          "speed-kilometer-per-hour": {
            "unitPattern-count-one": "{0} km/t.",
            "unitPattern-count-other": "{0} km/t."
          },
          "speed-meter-per-second": {
            "unitPattern-count-one": "{0} m/s",
            "unitPattern-count-other": "{0} m/s"
          },
          "speed-mile-per-hour": {
            "unitPattern-count-one": "{0} mph",
            "unitPattern-count-other": "{0} mph"
          },
          "temperature-celsius": {
            "unitPattern-count-one": "{0}°C",
            "unitPattern-count-other": "{0}°C"
          },
          "temperature-fahrenheit": {
            "unitPattern-count-one": "{0}°F",
            "unitPattern-count-other": "{0}°F"
          },
          "volume-cubic-kilometer": {
            "unitPattern-count-one": "{0} km³",
            "unitPattern-count-other": "{0} km³"
          },
          "volume-cubic-mile": {
            "unitPattern-count-one": "{0} mi³",
            "unitPattern-count-other": "{0} mi³"
          },
          "volume-liter": {
            "unitPattern-count-one": "{0} l",
            "unitPattern-count-other": "{0} l"
          }
        },
        "narrow": {
          "per": {
            "compoundUnitPattern": "{0}/{1}"
          },
          "acceleration-g-force": {
            "unitPattern-count-one": "{0}G",
            "unitPattern-count-other": "{0}G"
          },
          "angle-arc-minute": {
            "unitPattern-count-one": "{0}′",
            "unitPattern-count-other": "{0}′"
          },
          "angle-arc-second": {
            "unitPattern-count-one": "{0}″",
            "unitPattern-count-other": "{0}″"
          },
          "angle-degree": {
            "unitPattern-count-one": "{0}°",
            "unitPattern-count-other": "{0}°"
          },
          "area-acre": {
            "unitPattern-count-one": "{0}ac",
            "unitPattern-count-other": "{0}ac"
          },
          "area-hectare": {
            "unitPattern-count-one": "{0}ha",
            "unitPattern-count-other": "{0}ha"
          },
          "area-square-foot": {
            "unitPattern-count-one": "{0} ft²",
            "unitPattern-count-other": "{0} ft²"
          },
          "area-square-kilometer": {
            "unitPattern-count-one": "{0}km²",
            "unitPattern-count-other": "{0}km²"
          },
          "area-square-meter": {
            "unitPattern-count-one": "{0}m²",
            "unitPattern-count-other": "{0}m²"
          },
          "area-square-mile": {
            "unitPattern-count-one": "{0} mi²",
            "unitPattern-count-other": "{0} mi²"
          },
          "duration-day": {
            "unitPattern-count-one": "{0}d",
            "unitPattern-count-other": "{0}d"
          },
          "duration-hour": {
            "unitPattern-count-one": "{0} t",
            "unitPattern-count-other": "{0}t"
          },
          "duration-millisecond": {
            "unitPattern-count-one": "{0}ms",
            "unitPattern-count-other": "{0}ms"
          },
          "duration-minute": {
            "unitPattern-count-one": "{0}m",
            "unitPattern-count-other": "{0}m"
          },
          "duration-month": {
            "unitPattern-count-one": "{0}m",
            "unitPattern-count-other": "{0}m"
          },
          "duration-second": {
            "unitPattern-count-one": "{0}s",
            "unitPattern-count-other": "{0}s"
          },
          "duration-week": {
            "unitPattern-count-one": "{0}u",
            "unitPattern-count-other": "{0}u"
          },
          "duration-year": {
            "unitPattern-count-one": "{0}å",
            "unitPattern-count-other": "{0}å"
          },
          "length-centimeter": {
            "unitPattern-count-one": "{0}cm",
            "unitPattern-count-other": "{0}cm"
          },
          "length-foot": {
            "unitPattern-count-one": "{0} fod",
            "unitPattern-count-other": "{0} fod"
          },
          "length-inch": {
            "unitPattern-count-one": "{0}\"",
            "unitPattern-count-other": "{0}\""
          },
          "length-kilometer": {
            "unitPattern-count-one": "{0}km",
            "unitPattern-count-other": "{0}km"
          },
          "length-light-year": {
            "unitPattern-count-one": "{0} lysår",
            "unitPattern-count-other": "{0} lysår"
          },
          "length-meter": {
            "unitPattern-count-one": "{0}m",
            "unitPattern-count-other": "{0}m"
          },
          "length-mile": {
            "unitPattern-count-one": "{0} mil",
            "unitPattern-count-other": "{0} mil"
          },
          "length-millimeter": {
            "unitPattern-count-one": "{0}mm",
            "unitPattern-count-other": "{0}mm"
          },
          "length-picometer": {
            "unitPattern-count-one": "{0}pm",
            "unitPattern-count-other": "{0}pm"
          },
          "length-yard": {
            "unitPattern-count-one": "{0} yard",
            "unitPattern-count-other": "{0} yard"
          },
          "mass-gram": {
            "unitPattern-count-one": "{0}g",
            "unitPattern-count-other": "{0}g"
          },
          "mass-kilogram": {
            "unitPattern-count-one": "{0}kg",
            "unitPattern-count-other": "{0}kg"
          },
          "mass-ounce": {
            "unitPattern-count-one": "{0} unse",
            "unitPattern-count-other": "{0} unser"
          },
          "mass-pound": {
            "unitPattern-count-one": "{0} pund",
            "unitPattern-count-other": "{0} pund"
          },
          "power-horsepower": {
            "unitPattern-count-one": "{0}hk",
            "unitPattern-count-other": "{0}hk"
          },
          "power-kilowatt": {
            "unitPattern-count-one": "{0}kW",
            "unitPattern-count-other": "{0}kW"
          },
          "power-watt": {
            "unitPattern-count-one": "{0}W",
            "unitPattern-count-other": "{0}W"
          },
          "pressure-hectopascal": {
            "unitPattern-count-one": "{0}hPa",
            "unitPattern-count-other": "{0}hPa"
          },
          "pressure-inch-hg": {
            "unitPattern-count-one": "{0}\" Hg",
            "unitPattern-count-other": "{0}\" Hg"
          },
          "pressure-millibar": {
            "unitPattern-count-one": "{0}mbar",
            "unitPattern-count-other": "{0}mbar"
          },
          "speed-kilometer-per-hour": {
            "unitPattern-count-one": "{0}km/t.",
            "unitPattern-count-other": "{0}km/t."
          },
          "speed-meter-per-second": {
            "unitPattern-count-one": "{0}m/s",
            "unitPattern-count-other": "{0}m/s"
          },
          "speed-mile-per-hour": {
            "unitPattern-count-one": "{0} mph",
            "unitPattern-count-other": "{0} mph"
          },
          "temperature-celsius": {
            "unitPattern-count-one": "{0}°",
            "unitPattern-count-other": "{0}°"
          },
          "temperature-fahrenheit": {
            "unitPattern-count-one": "{0}°F",
            "unitPattern-count-other": "{0}°F"
          },
          "volume-cubic-kilometer": {
            "unitPattern-count-one": "{0}km³",
            "unitPattern-count-other": "{0}km³"
          },
          "volume-cubic-mile": {
            "unitPattern-count-one": "{0} mi³",
            "unitPattern-count-other": "{0} mi³"
          },
          "volume-liter": {
            "unitPattern-count-one": "{0}L",
            "unitPattern-count-other": "{0}L"
          }
        },
        "durationUnit-type-hm": {
          "durationUnitPattern": "h.mm"
        },
        "durationUnit-type-hms": {
          "durationUnitPattern": "h.mm.ss"
        },
        "durationUnit-type-ms": {
          "durationUnitPattern": "m.ss"
        }
      }
    }
  }
}
