{
  "main": {
    "en-CA": {
      "identity": {
        "version": {
          "_cldrVersion": "24",
          "_number": "$Revision: 9061 $"
        },
        "generation": {
          "_date": "$Date: 2013-07-20 12:27:45 -0500 (Sat, 20 Jul 2013) $"
        },
        "language": "en",
        "territory": "CA"
      },
      "delimiters": {
        "quotationStart": "“",
        "quotationEnd": "”",
        "alternateQuotationStart": "‘",
        "alternateQuotationEnd": "’"
      }
    }
  }
}
