{
  "main": {
    "ar-BH": {
      "identity": {
        "version": {
          "_cldrVersion": "39"
        },
        "language": "ar",
        "territory": "BH"
      },
      "characterLabelPatterns": {
        "all": "{0} - الكل",
        "category-list": "{0}: {1}",
        "compatibility": "{0} - التوافق",
        "enclosed": "{0} - مقيد",
        "extended": "{0} - ممتد",
        "historic": "{0} - تاريخي",
        "miscellaneous": "{0} - متنوع",
        "other": "{0} - غير ذلك",
        "scripts": "أنظمة الكتابة - {0}",
        "strokes-count-zero": "{0} ضغطة",
        "strokes-count-one": "ضغطة واحدة ({0})",
        "strokes-count-two": "ضغطتان ({0})",
        "strokes-count-few": "{0} ضغطات",
        "strokes-count-many": "{0} ضغطة",
        "strokes-count-other": "{0} ضغطة",
        "subscript": "نظام الكتابة تحت السطر {0}",
        "superscript": "نظام الكتابة فوق السطر {0}"
      },
      "characterLabels": {
        "activities": "أنشطة",
        "african_scripts": "أنظمة كتابة إفريقية",
        "american_scripts": "أنظمة كتابة أمريكية",
        "animal": "حيوانات",
        "animals_nature": "حيوانات وطبيعة",
        "arrows": "أسهم",
        "body": "جسد",
        "box_drawing": "رسم مربع",
        "braille": "برايل",
        "building": "مبنى",
        "bullets_stars": "نقاط/نجوم",
        "consonantal_jamo": "جامو ساكن",
        "currency_symbols": "رموز عملات",
        "dash_connector": "شرطة/واصلة",
        "digits": "أرقام",
        "dingbats": "زخارف",
        "divination_symbols": "رموز تنجيم",
        "downwards_arrows": "أسهم لأسفل",
        "downwards_upwards_arrows": "أسهم لأعلى وأسفل",
        "east_asian_scripts": "أنظمة كتابة شرق آسيا",
        "emoji": "إيموجي",
        "european_scripts": "أنظمة كتابة أوروبية",
        "female": "أنثى",
        "flag": "علم",
        "flags": "أعلام",
        "food_drink": "طعام وشراب",
        "format": "تنسيق",
        "format_whitespace": "تنسيق ومسافة بيضاء",
        "full_width_form_variant": "متنوعات نموذج أحرف العرض الكامل",
        "geometric_shapes": "أشكال هندسية",
        "half_width_form_variant": "متنوعات نموذج أحرف نصف العرض",
        "han_characters": "أحرف هان",
        "han_radicals": "جذور هانغولية",
        "hanja": "هانجا",
        "hanzi_simplified": "هانزي (مبسطة)",
        "hanzi_traditional": "هانزي (تقليدية)",
        "heart": "قلب",
        "historic_scripts": "أنظمة كتابة تاريخية",
        "ideographic_desc_characters": "أحرف الوصف الرمزي",
        "japanese_kana": "كانا يابانية",
        "kanbun": "كانبون",
        "kanji": "كانجي",
        "keycap": "مفتاح",
        "leftwards_arrows": "أسهم لليسار",
        "leftwards_rightwards_arrows": "أسهم لليمين واليسار",
        "letterlike_symbols": "رموز على هيئة أحرف",
        "limited_use": "استخدام محدود",
        "male": "ذكر",
        "math_symbols": "رموز الرياضيات",
        "middle_eastern_scripts": "أنظمة كتابة الشرق الأوسط",
        "miscellaneous": "متنوع",
        "modern_scripts": "أنظمة كتابة حديثة",
        "modifier": "معدل",
        "musical_symbols": "رموز موسيقية",
        "nature": "طبيعة",
        "nonspacing": "بلا مسافات",
        "numbers": "أعداد",
        "objects": "كائنات",
        "other": "أخرى",
        "paired": "مقترنة",
        "person": "شخص",
        "phonetic_alphabet": "أبجدية صوتية",
        "pictographs": "كتابات بالصور",
        "place": "مكان",
        "plant": "نبات",
        "punctuation": "علامات ترقيم",
        "rightwards_arrows": "أسهم لليمين",
        "sign_standard_symbols": "رموز إشارة/قياسية",
        "small_form_variant": "تنويعات نموذج أحرف صغيرة",
        "smiley": "أشكال تعبيرية",
        "smileys_people": "أشكال تعبيرية وأشخاص",
        "south_asian_scripts": "أنظمة كتابة جنوب آسيا",
        "southeast_asian_scripts": "أنظمة كتابة جنوب شرق آسيا",
        "spacing": "مسافات",
        "sport": "رياضة",
        "symbols": "رموز",
        "technical_symbols": "رموز تقنية",
        "tone_marks": "علامات الإعراب",
        "travel": "سفر",
        "travel_places": "سفر وأماكن",
        "upwards_arrows": "أسهم لأعلى",
        "variant_forms": "نماذج متنوعة",
        "vocalic_jamo": "جامو حروف العلة",
        "weather": "طقس",
        "western_asian_scripts": "أنظمة كتابة غرب آسيا",
        "whitespace": "مسافة بيضاء"
      }
    }
  }
}
