{
  "main": {
    "ar-IL": {
      "identity": {
        "version": {
          "_cldrVersion": "39"
        },
        "language": "ar",
        "territory": "IL"
      },
      "typographicNames": {
        "axisNames": {
          "ital": "مائل",
          "opsz": "الحجم البصري",
          "slnt": "انحراف",
          "wdth": "العرض",
          "wght": "الوزن"
        },
        "styleNames": {
          "ital-subtype-1": "متصل",
          "opsz-subtype-8": "شرح",
          "opsz-subtype-12": "نص",
          "opsz-subtype-18": "عنونة",
          "opsz-subtype-72": "عرض",
          "opsz-subtype-144": "ملصق",
          "slnt-subtype--12": "منحدر للخلف",
          "slnt-subtype-0": "رأسي",
          "slnt-subtype-12": "مائل",
          "slnt-subtype-24": "منحدر زائد",
          "wdth-subtype-50": "مكثف للغاية",
          "wdth-subtype-50-alt-compressed": "مضغوط للغاية",
          "wdth-subtype-50-alt-narrow": "ضيق للغاية",
          "wdth-subtype-62.5": "مكثف زائد",
          "wdth-subtype-62.5-alt-compressed": "مضغوط زائد",
          "wdth-subtype-62.5-alt-narrow": "ضيق زائد",
          "wdth-subtype-75": "تكثيف",
          "wdth-subtype-75-alt-compressed": "مضغوط",
          "wdth-subtype-75-alt-narrow": "ضيق",
          "wdth-subtype-75-alt-short": "مكثف",
          "wdth-subtype-87.5": "شبه مكثف",
          "wdth-subtype-87.5-alt-compressed": "شبه مضغوط",
          "wdth-subtype-87.5-alt-narrow": "شبه ضيق",
          "wdth-subtype-100": "عادي",
          "wdth-subtype-112.5": "شبه موسع",
          "wdth-subtype-112.5-alt-extended": "شبه ممتد",
          "wdth-subtype-112.5-alt-wide": "شبه واسع",
          "wdth-subtype-125": "تمديد",
          "wdth-subtype-125-alt-extended": "ممتد",
          "wdth-subtype-125-alt-wide": "عريض",
          "wdth-subtype-150": "موسع زائد",
          "wdth-subtype-150-alt-extended": "ممتد زائد",
          "wdth-subtype-150-alt-wide": "واسع زائد",
          "wdth-subtype-200": "موسع للغاية",
          "wdth-subtype-200-alt-extended": "ممتد للغاية",
          "wdth-subtype-200-alt-wide": "واسع للغاية",
          "wght-subtype-100": "رفيع",
          "wght-subtype-200": "خفيف زائد",
          "wght-subtype-200-alt-ultra": "خفيف للغاية",
          "wght-subtype-300": "فاتح",
          "wght-subtype-350": "شبه خفيف",
          "wght-subtype-380": "دفتر",
          "wght-subtype-400": "معياري",
          "wght-subtype-500": "متوسط",
          "wght-subtype-600": "شبه عريض",
          "wght-subtype-600-alt-demi": "نصف عريض",
          "wght-subtype-700": "غامق",
          "wght-subtype-800": "عريض زائد",
          "wght-subtype-800-alt-ultra": "عريض للغاية",
          "wght-subtype-900": "أسود",
          "wght-subtype-900-alt-heavy": "ثقيل",
          "wght-subtype-950": "أسود زائد",
          "wght-subtype-950-alt-ultrablack": "أسود للغاية",
          "wght-subtype-950-alt-ultraheavy": "ثقيل للغاية"
        },
        "featureNames": {
          "afrc": "كسور رأسية",
          "cpsp": "تباعد الأحرف الاستهلالية",
          "dlig": "أحرف مزدوجة اختيارية",
          "frac": "كسور قطرية",
          "lnum": "أرقام مصفوفة",
          "onum": "أرقام قديمة النمط",
          "ordn": "الأرقام الترتيبية",
          "pnum": "الأرقام النسبية",
          "smcp": "الأحرف الاستهلالية الصغيرة",
          "smcp-alt-short": "أحرف استهلالية صغيرة",
          "tnum": "أرقام مسطحة",
          "zero": "الصفر المقسوم بشرطة مائلة"
        }
      }
    }
  }
}
