{
  "main": {
    "de": {
      "identity": {
        "version": {
          "_cldrVersion": "24",
          "_number": "$Revision: 9287 $"
        },
        "generation": {
          "_date": "$Date: 2013-08-28 21:32:04 -0500 (Wed, 28 Aug 2013) $"
        },
        "language": "de"
      },
      "dates": {
        "fields": {
          "era": {
            "displayName": "Epoche"
          },
          "year": {
            "displayName": "Jahr",
            "relative-type--1": "Letztes Jahr",
            "relative-type-0": "Dieses Jahr",
            "relative-type-1": "Nächstes Jahr",
            "relativeTime-type-future": {
              "relativeTimePattern-count-one": "In {0} Jahr",
              "relativeTimePattern-count-other": "In {0} Jahren"
            },
            "relativeTime-type-past": {
              "relativeTimePattern-count-one": "Vor {0} Jahr",
              "relativeTimePattern-count-other": "Vor {0} Jahren"
            }
          },
          "month": {
            "displayName": "Monat",
            "relative-type--1": "Letzter Monat",
            "relative-type-0": "Dieser Monat",
            "relative-type-1": "Nächster Monat",
            "relativeTime-type-future": {
              "relativeTimePattern-count-one": "In {0} Monat",
              "relativeTimePattern-count-other": "In {0} Monaten"
            },
            "relativeTime-type-past": {
              "relativeTimePattern-count-one": "Vor {0} Monat",
              "relativeTimePattern-count-other": "Vor {0} Monaten"
            }
          },
          "week": {
            "displayName": "Woche",
            "relative-type--1": "Letzte Woche",
            "relative-type-0": "Diese Woche",
            "relative-type-1": "Nächste Woche",
            "relativeTime-type-future": {
              "relativeTimePattern-count-one": "In {0} Woche",
              "relativeTimePattern-count-other": "In {0} Wochen"
            },
            "relativeTime-type-past": {
              "relativeTimePattern-count-one": "Vor {0} Woche",
              "relativeTimePattern-count-other": "Vor {0} Wochen"
            }
          },
          "day": {
            "displayName": "Tag",
            "relative-type--2": "Vorgestern",
            "relative-type--1": "Gestern",
            "relative-type-0": "Heute",
            "relative-type-1": "Morgen",
            "relative-type-2": "Übermorgen",
            "relativeTime-type-future": {
              "relativeTimePattern-count-one": "In {0} Tag",
              "relativeTimePattern-count-other": "In {0} Tagen"
            },
            "relativeTime-type-past": {
              "relativeTimePattern-count-one": "Vor {0} Tag",
              "relativeTimePattern-count-other": "Vor {0} Tagen"
            }
          },
          "weekday": {
            "displayName": "Wochentag"
          },
          "sun": {
            "relative-type--1": "Letzten Sonntag",
            "relative-type-0": "Diesen Sonntag",
            "relative-type-1": "Nächsten Sonntag"
          },
          "mon": {
            "relative-type--1": "Letzten Montag",
            "relative-type-0": "Diesen Montag",
            "relative-type-1": "Nächsten Montag"
          },
          "tue": {
            "relative-type--1": "Letzten Dienstag",
            "relative-type-0": "Diesen Dienstag",
            "relative-type-1": "Nächsten Dienstag"
          },
          "wed": {
            "relative-type--1": "Letzten Mittwoch",
            "relative-type-0": "Diesen Mittwoch",
            "relative-type-1": "Nächsten Mittwoch"
          },
          "thu": {
            "relative-type--1": "Letzten Donnerstag",
            "relative-type-0": "Diesen Donnerstag",
            "relative-type-1": "Nächsten Donnerstag"
          },
          "fri": {
            "relative-type--1": "Letzten Freitag",
            "relative-type-0": "Diesen Freitag",
            "relative-type-1": "Nächsten Freitag"
          },
          "sat": {
            "relative-type--1": "Letzten Samstag",
            "relative-type-0": "Diesen Samstag",
            "relative-type-1": "Nächsten Samstag"
          },
          "dayperiod": {
            "displayName": "Tageshälfte"
          },
          "hour": {
            "displayName": "Stunde",
            "relativeTime-type-future": {
              "relativeTimePattern-count-one": "In {0} Stunde",
              "relativeTimePattern-count-other": "In {0} Stunden"
            },
            "relativeTime-type-past": {
              "relativeTimePattern-count-one": "Vor {0} Stunde",
              "relativeTimePattern-count-other": "Vor {0} Stunden"
            }
          },
          "minute": {
            "displayName": "Minute",
            "relativeTime-type-future": {
              "relativeTimePattern-count-one": "In {0} Minute",
              "relativeTimePattern-count-other": "In {0} Minuten"
            },
            "relativeTime-type-past": {
              "relativeTimePattern-count-one": "Vor {0} Minute",
              "relativeTimePattern-count-other": "Vor {0} Minuten"
            }
          },
          "second": {
            "displayName": "Sekunde",
            "relative-type-0": "jetzt",
            "relativeTime-type-future": {
              "relativeTimePattern-count-one": "In {0} Sekunde",
              "relativeTimePattern-count-other": "In {0} Sekunden"
            },
            "relativeTime-type-past": {
              "relativeTimePattern-count-one": "Vor {0} Sekunde",
              "relativeTimePattern-count-other": "Vor {0} Sekunden"
            }
          },
          "zone": {
            "displayName": "Zeitzone"
          }
        }
      }
    }
  }
}
