{
  "main": {
    "de": {
      "identity": {
        "version": {
          "_cldrVersion": "24",
          "_number": "$Revision: 9287 $"
        },
        "generation": {
          "_date": "$Date: 2013-08-28 21:32:04 -0500 (Wed, 28 Aug 2013) $"
        },
        "language": "de"
      },
      "localeDisplayNames": {
        "measurementSystemNames": {
          "metric": "Internationales (SI)",
          "UK": "Englisches",
          "US": "Angloamerikanisches"
        }
      }
    }
  }
}
