{
  "main": {
    "de": {
      "identity": {
        "version": {
          "_cldrVersion": "24",
          "_number": "$Revision: 9287 $"
        },
        "generation": {
          "_date": "$Date: 2013-08-28 21:32:04 -0500 (Wed, 28 Aug 2013) $"
        },
        "language": "de"
      },
      "localeDisplayNames": {
        "transformNames": {
          "BGN": "BGN",
          "Numeric": "Numerisch",
          "Tone": "Tonsprache",
          "UNGEGN": "UNGEGN",
          "x-Accents": "Akzente",
          "x-Fullwidth": "Breit",
          "x-Halfwidth": "Halbe Breite",
          "x-Jamo": "Jamo",
          "x-Pinyin": "Pinyin",
          "x-Publishing": "Veröffentlichung"
        }
      }
    }
  }
}
